,0.486312658,0.6160357,0.761314631,0.921086252,1.10090876,1.30076897,1.52065766,1.76056802,2.02982759,2.3251667,2.6445415,2.9993,3.38409519,3.80364299,4.26325035,4.76764107,5.31262636,5.89711809,6.53642082,7.22628546,7.97046423,8.77995968,9.6447401,10.5882015,11.58922,12.6332493,13.7769403,15.0259476,16.3750439,17.8194332,19.3634815,21.0128155,22.8102264,24.7598152,26.8094463,29.0072136,31.3522339,33.8450394,36.5431938,39.4414864,42.5399208,45.8384857,49.3853607,53.18426510000001,57.2314835
2011-06,0.012935052756176298,0.011084875217385862,0.009751150141629578,0.009411659488836873,0.009169512811003967,0.009041090373739355,0.009085345443369848,0.00928649711123684,0.009340006254152716,0.009684142778679631,0.010148761624767409,0.010869071738038407,0.011475138211176766,0.012283034454175945,0.012704383675331896,0.013637095987941775,0.01461888214533994,0.01576807008894415,0.017005402232353632,0.018448422413114764,0.01991697765646184,0.02142209238174487,0.023282759821134875,0.025448737474786442,0.027783424591636144,0.030972794347941354,0.033629497026819694,0.03684539884609095,0.04048302231710275,0.04455785094066848,0.04899734059466105,0.05344222607198777,0.058058844404882994,0.06402791128704126,0.0689593087453645,0.07562173617303607,0.08331508022524162,0.08899609985541809,0.09684023168716498,0.10546323115490126,0.11550056035237573,0.12624395709150635,0.13922890854374528,0.15435826866596386,0.1682046488553138
2011-07,0.014407341289516297,0.012377267581995578,0.010863312245970685,0.010506514042586453,0.01021496241064786,0.010070463860340254,0.010110327651049529,0.010329422642444484,0.010377572330978696,0.010746804046813342,0.011255526054216028,0.012044331519663592,0.012707753952327578,0.013583587211745607,0.014041762706038918,0.015073678190447339,0.01613840245312716,0.017414842623258715,0.018769292627474756,0.020366865370006162,0.021975009303261534,0.02360561378844724,0.025672401155636456,0.028031113453647175,0.030556622300635047,0.03406728682395447,0.036958077705698096,0.040440023662085385,0.044447331422639236,0.049001260674577087,0.05375618458900454,0.0586553939282206,0.06373908413746232,0.07020222648963759,0.07555794032948222,0.08279855089691714,0.09117078133775199,0.09714363723015106,0.10571023035208721,0.11497074130926789,0.12544920807964022,0.13712796359932403,0.15116065073617527,0.16720666316619093,0.18237525766931464
2011-08,0.01421097865641833,0.012182650214704919,0.010702720990641448,0.01038934881242422,0.010147797029005466,0.009997267711091239,0.010033954365154512,0.010244329374473775,0.010294456155774932,0.010660199834994047,0.01115971264143423,0.011930969089636553,0.012580441170311159,0.013462756088582804,0.013923718651757556,0.014951243993213322,0.016013111450717515,0.01729276513143442,0.01864483610448718,0.020231095826356394,0.02181684171877256,0.023442887712720416,0.02550075652399955,0.027830170401863186,0.03037543002885588,0.033847891526132885,0.036693178841387585,0.04017654926253725,0.044113324302798754,0.04862658688211914,0.05334874096805589,0.05818783603803943,0.06317632472710372,0.06963156275167633,0.0749399875605986,0.08206617414206394,0.09021247353924935,0.09614213806045627,0.10459809654939098,0.11361042608295134,0.12381064354711012,0.13547625949214334,0.1490964795615512,0.16476938241093664,0.17980909277788168
2011-09,0.01520380886006377,0.013075493987061136,0.011471322284314907,0.011128698868196821,0.01083699753399993,0.010675931835949254,0.010711679255442624,0.010930106814249243,0.01095808283187852,0.011338828834096282,0.011850454296677207,0.01266110327002616,0.013342290802352011,0.014265611582157405,0.014746022622316078,0.015842595324443983,0.016979946406502487,0.018335626434383228,0.019763420466816957,0.02144775080290626,0.023121899042294645,0.02482614082924496,0.026980366661168584,0.029428236222146312,0.03208048277469117,0.035739500166994925,0.038783161552794446,0.042404191530472105,0.04656609069469607,0.05124976804458208,0.05630068031085084,0.061342072411325735,0.0665792451905837,0.07335337608903449,0.07883425053494003,0.0863714239786623,0.09478456562583716,0.10106081770819308,0.10986172443831288,0.11926705243037282,0.1297538961473238,0.14225618281882857,0.15633583742151505,0.17262617164254263,0.1885383927517916
2011-10,0.013628644596712529,0.011634770410569062,0.010175179586238783,0.009860958258143841,0.009604759810123957,0.00945733606649965,0.0094897418822913,0.009696721840716115,0.009731487846030378,0.010066901027886052,0.010532900866666839,0.011259948966409208,0.011876203760838583,0.012705885910518999,0.01313397993319177,0.01410842801891263,0.015118758171133997,0.016319447042585124,0.0175996254710097,0.019097364157962596,0.020601755684921,0.02212338601801695,0.02406875808388384,0.026266062732402787,0.028637883886430866,0.03192386827528711,0.03457856530649668,0.03787823189041103,0.04158404409960566,0.04580842878662687,0.05036506504595716,0.05482793671574925,0.05952641920513586,0.06557229344219184,0.07050178700420968,0.07713439768796491,0.08483658257784378,0.09038544872563475,0.09824989296030676,0.10667257795226608,0.1162801424811002,0.12728479779564794,0.139997823329553,0.15471829478505927,0.168556062051628
2011-11,0.012867199045454343,0.011014948067593965,0.009661932465557408,0.00934736066568802,0.009097370601756059,0.008959980001121887,0.008997687505307316,0.009180405141309135,0.009218097247577647,0.009540594213800407,0.009988258611618556,0.010685848049253979,0.011278574735909678,0.01206971158255081,0.012478246020619442,0.013405278754705333,0.014376597081091054,0.015518602340999318,0.016768990166263334,0.018183641937889017,0.019603254527275918,0.021073431970259147,0.022935448858178106,0.02502736707679601,0.027296340532104207,0.030448326352649654,0.03299197810143446,0.03612802917153128,0.039687913836245384,0.043697167115066875,0.047980108660036054,0.05229110389434607,0.056847089555809825,0.06267761642110539,0.06740760845990375,0.07384535026771802,0.08121501542708474,0.08657576432317787,0.0939885578975614,0.10218699865828397,0.11145897597903076,0.12213343416608527,0.13431195623280143,0.14830452532597327,0.16208569848142057
2011-12,0.012068515745145515,0.010363945691697136,0.009109742813778389,0.008825873121348988,0.008598305391174267,0.00847556853323566,0.008512398941838663,0.008688956461200851,0.008725169149677432,0.009032659887700741,0.009451894360414692,0.010114281421709604,0.010670107666483405,0.011419311258057403,0.011805995692291054,0.01269017253667504,0.013609059335798828,0.014694039525015811,0.01587473285091847,0.017213290332309863,0.018574453168301558,0.019956012688290257,0.021715409197620644,0.023703904412583708,0.025855947850771204,0.028832282359319786,0.03125897796512451,0.034230876351768726,0.03758485696519213,0.041414286150727876,0.045472328727916615,0.04956352951339996,0.0538825413710906,0.05941163416175883,0.06389799719722554,0.069982961866709,0.07694221273221125,0.082048140914011,0.08907473801212151,0.09692908383247875,0.10563696534281289,0.11567784724275457,0.1273835671134223,0.140549661449523,0.1539045886580226
2012-01,0.012311448097860276,0.010561063704495971,0.009274937162354367,0.008987320956377097,0.008758158618730876,0.008635381758144758,0.008671451665507895,0.008853839069791414,0.008888504440726131,0.009202901163095764,0.009622910120507441,0.010296403924773892,0.010856687561036492,0.0116200263816015,0.012013036697165821,0.012916989086089405,0.013850392810599382,0.014956375786873815,0.016147708756539866,0.017508809015700254,0.018905398844644487,0.020295623030336173,0.022073485157270104,0.024091290565120462,0.026272031270485753,0.029286811968845358,0.03175297124296293,0.03476196660883478,0.038155912108160356,0.04205131649188655,0.0461656888440542,0.05029825618141728,0.054648075481308525,0.0602395272506313,0.064771548589532,0.0708847781922076,0.0779403881869534,0.08307777527661847,0.09018646256816154,0.098170983017434,0.10692017155378578,0.1169600264106011,0.128813630034779,0.14214690786293507,0.1556062390882439
2012-02,0.013387419884139839,0.011500085270532397,0.010089668833823642,0.009800172326525622,0.009553297206976345,0.009411561667235903,0.009450717494215256,0.009650178779828652,0.009680913959199353,0.010024081784570685,0.010478577090404721,0.011202862356014235,0.01181268351317978,0.012642240112789582,0.013067888185083624,0.014039536988652438,0.015056326287999503,0.016256695804350702,0.01753934734095039,0.01902859170451097,0.020535190968882535,0.022048214385028842,0.023968176810637176,0.026132184898630787,0.028485137291555836,0.03177096625908999,0.03441519241982031,0.03765878819059324,0.04139220860364977,0.04554243306466706,0.05000233122904196,0.054447535171277525,0.059115680369233634,0.06514569882808881,0.07006046223195632,0.07660785173574955,0.08436247793343499,0.08985906518063681,0.09754019225406492,0.10615351255612394,0.11575888926062487,0.12660267832402003,0.13908124152277818,0.15382298116294763,0.16795220515500875
2012-03,0.014597494133247076,0.012462527636094586,0.010892538842987895,0.010545010315546225,0.010275862438994237,0.01011711872120836,0.010155833128494742,0.010353917789116283,0.010395001743231594,0.010767040843251694,0.011259714927089149,0.012034407180070913,0.012701201451755873,0.013580273406710981,0.01402977484788992,0.01505759414384322,0.016131549702325984,0.017388900681023604,0.018759386811513457,0.020336569455222817,0.02193054718507276,0.0235381572002764,0.025610817285590916,0.027949322740684797,0.03047314126239745,0.033968193765272936,0.036789315788761656,0.04027739679859441,0.04422428216239464,0.04872292368484769,0.05353419909939755,0.05831126150797045,0.06342586691140363,0.0697610990235846,0.07511044784840334,0.08229711764198425,0.090461775333745,0.09653655107407584,0.10488904214765356,0.1141013598152373,0.12427245332718022,0.13619840979603184,0.14970943215030888,0.16553616396830012,0.18084595650937932
2012-04,0.016758919336296533,0.014330048063443014,0.01250963057038481,0.012121806978849736,0.011788164713715236,0.011590304250192942,0.011613071184404215,0.011828702554634812,0.011852131456092894,0.01223988915870798,0.012784325523644164,0.013643649863323544,0.014367925904227434,0.015344114456598099,0.015843970862359728,0.01702217998755808,0.018226285022966717,0.01965429904833874,0.021191949108968558,0.022982010617997484,0.02477322172422655,0.02658347622046597,0.028886035909639216,0.03151976464483445,0.034348896594093674,0.038305759351684246,0.041491040648693286,0.04537783589182196,0.04987640722775349,0.05491592733022121,0.060269253332148574,0.06560163305559512,0.07128432228271565,0.07852716693259028,0.08450936788760749,0.09246403916557357,0.10158999091367067,0.10831606388891678,0.11752905796520428,0.12783243009253784,0.13934950978467597,0.15250827531223993,0.16781694358041338,0.18540006953382593,0.20229069820347267
2012-05,0.014701649784583319,0.012594434131353562,0.01100257857558285,0.010646850100755513,0.01034759001471762,0.010171610650233752,0.010194957782761908,0.010395873602621878,0.010419602278170346,0.010776282775571555,0.011260724040521187,0.012026511724575282,0.012674606279023778,0.013552310637006265,0.013994432191773501,0.015049706183707358,0.016114128614223032,0.01739613087640151,0.018779625077678608,0.020369905357927105,0.02197150660705428,0.023606477042321987,0.02565996517373026,0.02801629523140014,0.030529678454519756,0.034070593032370054,0.03692369977733833,0.04043780622352305,0.0444385327307471,0.048986711105141745,0.05372282573463135,0.05851949824583881,0.06353605284800534,0.07012579103835333,0.07542066534569102,0.08253265728312505,0.0906941958468994,0.09670954266152734,0.1050028017282114,0.11419135076835456,0.12463775947465176,0.13662983468194492,0.1500512243451089,0.16594578119853862,0.18128256739824272
2012-06,0.014046292246326454,0.011992402970523848,0.01047722217291505,0.010141807475085246,0.009866729966938638,0.009695115942535555,0.009723461852928272,0.009903130269288468,0.0099210704484589,0.010236447764669246,0.010692498856991299,0.011418200582693255,0.012023963616329899,0.01283759403360549,0.013257066513125321,0.014232419481922099,0.015236099778697726,0.01643884917729072,0.01772740657343636,0.019208116232724906,0.02069861926510666,0.022229070110468166,0.024169958245949988,0.026350133148163528,0.02873979394648847,0.03202955298971667,0.034702543407265744,0.037950741522086835,0.04165024293624648,0.045875882380398934,0.050378092271422106,0.05486140377616141,0.05959486655310671,0.065611446280057,0.07062514024580527,0.07725357349954008,0.08481157698830236,0.09050467966697226,0.09826894218908243,0.10698282641301252,0.1166997115388265,0.1277609914022815,0.14014151589426496,0.15538992728482354,0.16907639323715104
2012-07,0.013353291643257098,0.01141009561300663,0.009943683912386024,0.00963738087380946,0.009372181855261855,0.009204834185831309,0.009202550047180435,0.009357925520753615,0.009355949211828762,0.0096398788067213,0.010046149849610215,0.010709460074315573,0.011248576787296004,0.012006445417990655,0.012382269054650624,0.013268421040943891,0.014193715015368756,0.015297182299331823,0.016474703359778357,0.01784075205683862,0.019200716135199747,0.020604347143395575,0.022360776450134966,0.024380444457358572,0.0265445051207497,0.0295930582232687,0.03202449898482449,0.035015776375854755,0.03840641778985962,0.042300247909233236,0.04637973704031443,0.05052712336217637,0.05485716749236902,0.060381489590147844,0.06497406203835472,0.07119272252969258,0.07804959533237599,0.08311369792489136,0.09035913066193908,0.09804002348771444,0.10695004344790303,0.11709904816703587,0.12848782021836358,0.14202469922340114,0.15526667750354872
2012-08,0.013240698987304567,0.011394762314842235,0.009828579542822133,0.009508541608977215,0.009240615608926977,0.009065855787268129,0.009059828743851124,0.009208232868130082,0.009199979091099425,0.009473663508285218,0.009871870173032147,0.010516830099653433,0.011047577885678924,0.011784284679362425,0.012150977888550567,0.01301888019098581,0.013921785803621248,0.014999983384085324,0.016152528527046368,0.017496554708064858,0.018834808317114166,0.0202051694778935,0.021932880018853466,0.023924878496810357,0.026047315786455225,0.029037181546575218,0.031424425887451715,0.034365061117928614,0.03771805022663912,0.041524945159103197,0.04555414018247074,0.049643050481062344,0.053894992586831135,0.059318515462847034,0.06382496011103642,0.06998255717908818,0.0767470562810794,0.0817575887731771,0.08881847070719666,0.09642110041621564,0.10513869574085409,0.1151675778679811,0.1265435799726785,0.13978507634940424,0.15263740213719026
2012-09,0.014113949610210084,0.012109687259205451,0.010424758811511033,0.010057518745500746,0.009769390679817918,0.009592813348859586,0.00960960244690441,0.009763041308208577,0.009720613601680677,0.009967870531245066,0.010376723299466883,0.011058283567542506,0.011629008158635233,0.012389944937706284,0.012763480520489163,0.013673771905842552,0.014623392808733213,0.015765122962507417,0.016989150406943543,0.018418359528784626,0.019840149588613996,0.02127691608497021,0.02310759066831648,0.025214558271466042,0.02745894581168206,0.03060738484980266,0.03313468058262456,0.036245201323359504,0.03981552017448202,0.04381860873078543,0.048114961009149464,0.05243858763049606,0.0569199845510197,0.06263102503500315,0.06735741425352668,0.0738358748390732,0.08100653815946528,0.08632434377615246,0.0936491753993875,0.10179903551392395,0.11097947205188792,0.12159364458572218,0.1337780007382874,0.14787041504596396,0.16107865277149797
2012-10,0.014706649642098231,0.012579056478381884,0.010821499457103303,0.010436482682526449,0.010114888312649617,0.009919216914538074,0.0099071362069016,0.01006765460739527,0.010046267289419014,0.010334703456496985,0.010755751001178673,0.011470106272314099,0.012060071113077268,0.01286672999740764,0.013275497747183809,0.014229800070033296,0.01521939912236448,0.016408613721103846,0.017675313729165885,0.0191752047448271,0.020671702713245164,0.022191903524233024,0.024106086522543098,0.026308569662740946,0.02866660443143933,0.031969692282242966,0.03462673977969242,0.037904028907980586,0.041590174540584564,0.04584509743055704,0.05036806878766018,0.054865632466050196,0.05959689726132333,0.06561305831986397,0.07057419368774716,0.07734626928841325,0.08491705169166522,0.09048335112687272,0.09821724565951383,0.10677804571986203,0.11660574463132098,0.1276286309743323,0.14034049460631506,0.15492058806601566,0.16924577709922248
2012-11,0.016717457389477823,0.01430295956338133,0.012288303924300206,0.011858646096891454,0.011484537156878001,0.011247710499207291,0.011231418579254287,0.011397124918802994,0.011370818171810178,0.011710505689065976,0.012194920678505023,0.012997634336201063,0.01366556413014722,0.014569037863151973,0.015023120195819176,0.01610075109289976,0.017209463851775877,0.018548242695032007,0.019994183811237645,0.02166143694246772,0.023336421200369474,0.025042383754373877,0.027209082714766606,0.02971155806237841,0.03237567306419571,0.03609276375364952,0.03912505904621822,0.04278251376468295,0.046975581892539975,0.051771193098117875,0.05686471219397541,0.06192111981585853,0.06727007262411905,0.07414861187388204,0.07968785414470272,0.08732674994669654,0.09588263856932257,0.10234031377947879,0.11112210967289435,0.1208414844526183,0.131614329096931,0.14432410127814632,0.15866033051819137,0.17522305112474096,0.19167240124790877
2012-12,0.01565060896598546,0.013382119828899669,0.011504771954879261,0.011082500712356242,0.010728449529999093,0.010511248666583916,0.010495799601362354,0.010651395032156038,0.010637522971601343,0.01095465528624818,0.01141927980590596,0.012169114049853248,0.012803780765855019,0.013658093428957884,0.014084854427707448,0.01509875967333053,0.01614556187302874,0.017410304472180213,0.018770693572431642,0.020344301301913677,0.021927180365057725,0.02355225893763428,0.025583821691709127,0.027939865389971435,0.030459347587379993,0.03395954681849148,0.036823216598050046,0.04032340477145791,0.0442872144197089,0.04878935604828234,0.053566745190569885,0.05839712333414976,0.06345073854101606,0.06986517058488698,0.0752653564708326,0.08239674140103767,0.09055324495537201,0.0965991990254135,0.10502615179450764,0.11416386797055587,0.1244140495309403,0.13634377238751164,0.1498024017743034,0.1659941043683276,0.18126204178675256
2013-01,0.015354200576671936,0.013143175871209195,0.01126974676264777,0.010866055282474625,0.010519165665973142,0.01030610318544434,0.010292893845581816,0.010461894766016631,0.010449070025531826,0.010771582187398416,0.011234804115891454,0.011978882114500544,0.012607382415427828,0.01346658159160329,0.013904503100980353,0.014916540330173138,0.01597712076030728,0.017239547224857207,0.018603640647809984,0.02017053797410311,0.02174587670974326,0.023354165441936716,0.02540458951343554,0.02773933651029167,0.03019652647327103,0.03370082982886684,0.03653419490719388,0.03999931382223862,0.043940290318851744,0.048401514305927186,0.0531652156265544,0.05789426140289495,0.0628929758317563,0.06925006425028891,0.07446349464129634,0.08147361681762993,0.08958525290582729,0.09542630523651643,0.10379174434026278,0.1127425472445123,0.12281895373558997,0.13464498511175702,0.14811669014698098,0.16370950593124445,0.1788380315016923
2013-02,0.014287671537873787,0.012107639360181725,0.010487349917043325,0.010112063165785109,0.009795168396591761,0.009603721167531599,0.009608201592417808,0.00976348277801259,0.009757570292366749,0.010064839721905345,0.010487034256270908,0.011197484651307349,0.011798211895218229,0.012598750643726082,0.013012180127367387,0.013952566587583913,0.014952380780196093,0.016124446138475242,0.01738887226186992,0.018862714634077238,0.020341667722038125,0.021832372807768494,0.02373764903890563,0.0259089828445993,0.02821702005882456,0.03148040001589076,0.03410151936822649,0.037360810864738185,0.04100441079077303,0.04513023206691108,0.04958263041186633,0.053988011095535735,0.058605233297200555,0.06461376153607452,0.06956277074364835,0.07603670392313144,0.08350393902757443,0.08901515434143474,0.0967514202283779,0.10506252890872218,0.11446507139267727,0.1254202556394167,0.13800124441663295,0.1525840556011839,0.16667586459435954
2013-03,0.013722711881894214,0.01162703403395853,0.010090103396971108,0.009723966451955572,0.009417653242167137,0.009227559703666705,0.009220799867612275,0.009368176683214062,0.009355007356137443,0.009645608018002344,0.010053255651383748,0.010717284171782028,0.01128343906670051,0.012043954345225894,0.01241834857877774,0.013313961195061074,0.014248880372936649,0.015367951882275766,0.016565690132575868,0.017956544633065775,0.019354774734716584,0.020777504778767206,0.02259289967006029,0.02466541724648203,0.0268714819455545,0.029976967780971107,0.032449790144455384,0.03552698207215333,0.039043682559739966,0.04297437328716675,0.04722180101732822,0.05140668294590469,0.05583207853786603,0.06151571485681997,0.06624676938657181,0.07248655808047456,0.07963864858586352,0.08486519208392289,0.09227966866545263,0.10018340946142401,0.10931540562116626,0.11980028019231534,0.13175925163811314,0.14552844055691794,0.15907635266142
2013-04,0.013329538764346387,0.011388145317713066,0.0097906815122972,0.009435162458302487,0.009142010888515203,0.008957442748620668,0.008952138637422584,0.009096422524906432,0.009081126016338837,0.009355659424052558,0.009749077017426114,0.010388074902360652,0.010931283507374087,0.011669215778427857,0.01202975269986928,0.012907724629482203,0.013814032971305654,0.014902037690251805,0.016069753193585428,0.01741060525189076,0.01876564744452515,0.020139984723627255,0.021891982916950836,0.02388976337230664,0.02601589243601507,0.02902650942484279,0.031415221438168446,0.03437540432768413,0.03776389001847661,0.041549934158374054,0.045651147041738505,0.04969809060894031,0.053924625144622554,0.059433622765583276,0.06393154873055057,0.06992282215166001,0.07685117161512378,0.0818501615251751,0.08894670883068422,0.09658525299739124,0.1052887345685323,0.11535368663618109,0.12678802506268103,0.14010432468182912,0.1530755127033401
2013-05,0.013834941002471117,0.011766573864880512,0.010117676058684957,0.009727936782108253,0.009419619206001222,0.009227683179644746,0.009220829360383858,0.009365213958467787,0.009350834294003626,0.009625714919665152,0.01003313654021158,0.010692074577249164,0.011248048674252801,0.012003112712550055,0.012367864039865069,0.013263981022793487,0.01418103878172623,0.015289536713249735,0.01648586996028526,0.017846414875196073,0.0192343194818875,0.020642448767821106,0.022430763224441555,0.024472544777951143,0.026644277929206497,0.029728305731569635,0.032198597454586454,0.03522201221634951,0.03868780125471415,0.042564041154769895,0.04676781523163325,0.050950196955225256,0.055259654853173655,0.06096391612176771,0.06556644933702505,0.07169255552549396,0.07885272403544497,0.08405485525899908,0.09134265096341868,0.09932206009064946,0.10814586705439659,0.1184724727864283,0.1301388571334574,0.14403318197041323,0.15721039576772344
2013-06,0.015250625179312013,0.013037238655755729,0.011231982389918372,0.010816761760386059,0.010467376642899413,0.010262708854029075,0.010248955116381677,0.010389323669872046,0.010354125941503806,0.010634286773349454,0.011058151652721126,0.011773728063668292,0.012365037983644972,0.013179042386702004,0.013570421403022618,0.014529820678901864,0.01551271849789578,0.016712069376191577,0.017984222749990012,0.019457597412720542,0.02093660912028932,0.022447958035571015,0.024362959967589838,0.026571645394426323,0.02890029750902823,0.032205154001137104,0.03487134770993747,0.038085346689830664,0.04182854819584825,0.04600791883710612,0.050467944898933165,0.05492808395121363,0.059607404180184384,0.06565120600014138,0.0706486028900517,0.07723845829416949,0.08485736156919305,0.09038004610126385,0.0981936081888442,0.10679999159785436,0.116240075601246,0.12733913502440292,0.1399367445879875,0.15505806357061197,0.16915142562858534
2013-07,0.016486355635709563,0.014022465131400158,0.012027242298083978,0.01158093930554342,0.011189026217385116,0.01094535132227738,0.010903909588910122,0.011042845629520747,0.01097977917279497,0.011273737148799569,0.0117049275183645,0.012450108593246903,0.013064044305636815,0.01391040577117982,0.01432952885633643,0.015348005135883917,0.01639958859659729,0.017653753117624283,0.019021157206984572,0.020592569601393308,0.022162366759221824,0.023762000955575988,0.025787299646685035,0.02812108358452837,0.03062127102399176,0.03411728574398052,0.03691382108171132,0.04037192796825552,0.044317380546215035,0.048752973567677535,0.053506089621495695,0.058183667589308846,0.06320795874348994,0.06962144203961065,0.07476518387879363,0.081920273924568,0.08986272056696996,0.09573809908302996,0.10398624821872564,0.11294558406030125,0.12290675869978944,0.13468980482641355,0.1481285731913136,0.16382608992566408,0.17868042534905232
2013-08,0.018597921770451564,0.01578983411874186,0.013550864534442012,0.013013593168788815,0.012565217236241216,0.012258450545378627,0.012213390382384452,0.01236028744634754,0.012303275998328533,0.01262892212740404,0.013119284888651012,0.013955360943911057,0.014644240621978754,0.015596666910894563,0.016056112848924182,0.017202092303037705,0.01837827367112885,0.019801955482324572,0.021321960008772144,0.023092271044901764,0.024860173973593486,0.026674557247122452,0.02896946649393204,0.03157439195569989,0.03437060973810975,0.038302306797406406,0.041536015462430555,0.04538172750164836,0.049819989819357875,0.05482665889593116,0.06015722824214351,0.06566630673657649,0.0712002083243034,0.0783845336091878,0.08442911157829612,0.09230672225156857,0.10140896676474545,0.1081138543856377,0.11731923575039034,0.12768003581594067,0.13886150261991193,0.15212326733077702,0.16713548358241592,0.18466680351217463,0.20142358101393146
2013-09,0.01693728876662701,0.014207804323050742,0.012140855659851669,0.011607875752011634,0.011182191465156767,0.01090828932967797,0.01083873619936129,0.010944568224558126,0.010869077130674304,0.01113560012583238,0.011553215322342382,0.012283965794858043,0.012879165208888882,0.013705428128740442,0.01410976845545651,0.015104070794035375,0.016133058138378172,0.01737310220374698,0.018709265061016393,0.020270597328439673,0.021831735260901458,0.02342283363625635,0.02544567541706347,0.027766641052284994,0.030266614955839242,0.03373393813675201,0.036551546308054475,0.04000578140862636,0.043937781736523254,0.04834400698927469,0.05307210481897994,0.05787402732098097,0.06278878537913933,0.06920227738121966,0.07442383563581244,0.08149347909257798,0.08954652821333814,0.09553899146812443,0.1037267530094337,0.11291945463035204,0.12292502735689315,0.13451523411811125,0.1484333886436355,0.16408863480388833,0.1788518452540182
2013-10,0.015547495047060066,0.013023933029122818,0.011134868565204716,0.010643422559329908,0.010238725373598982,0.009981574912385743,0.00991197416512333,0.010019074096518693,0.00994075593767502,0.010174958043142135,0.010559840467609778,0.011223897051399413,0.011772451509585268,0.012549893083293323,0.01291842355428611,0.013823565691857236,0.014770708701265529,0.01592100610413345,0.017150112261884932,0.018576984739560713,0.02001110330282256,0.021477697264132997,0.023337656004697036,0.025455729477747036,0.027726506492718593,0.030915765004396127,0.0334828269846868,0.03666150639706779,0.04026628522506594,0.04434511405298651,0.04863143229095857,0.05297979515140407,0.057551306382761756,0.0634147174620799,0.06817243453421834,0.0748325326850413,0.08217005174751213,0.08750792561141327,0.09509020729620549,0.10328480683934112,0.11265858245882351,0.12360167243797678,0.13621733983156006,0.15021166157366383,0.1637569494485385
2013-11,0.01480462113096667,0.012360210545953971,0.010535636373111744,0.010055388881990705,0.00967166426499803,0.009417377212824887,0.009354816318143677,0.009446558670176715,0.009376751505895604,0.009602694743271252,0.009971571327298489,0.010599002077206026,0.011124545788702297,0.011849287354873674,0.012193681080989326,0.013046262277208957,0.01393980987296549,0.01500966639020085,0.016166831799364272,0.01752154750481113,0.018873919269144494,0.020254042487608693,0.022008317133404884,0.024031833006658402,0.026179817029020405,0.029172772688622672,0.0316264747175774,0.03465072988158146,0.03803587923687839,0.04190944805373371,0.045998665165614655,0.05012487005089494,0.0544738489420749,0.06004992419069669,0.06457064870923886,0.07081115389086383,0.07780982133407213,0.08295658414175176,0.0902926895742352,0.09815438129917205,0.10706090176020133,0.11766552788178915,0.1292519723353603,0.1425289158448369,0.15594554904609906
2013-12,0.014859972347153826,0.012394422184961158,0.010551226622410696,0.010068464235500691,0.009684524804376987,0.009426544762043066,0.009365110482416115,0.009453682108855842,0.00938050914563771,0.009605414638034033,0.009969934994704393,0.010599496928311586,0.011123935930100219,0.011839833314222543,0.012187464525858737,0.013042852322285975,0.013937840817510637,0.01500348297355315,0.01616185633447334,0.01751564036241376,0.018866535972623322,0.020237861535565938,0.02199128668776833,0.023999468856152506,0.02614678972921209,0.029135183705819266,0.031579577971934725,0.03458875990778087,0.03794727878671583,0.04181600081307431,0.0458816318822783,0.050017446888721,0.054348874274707706,0.05987681418026037,0.06435884492861138,0.07045068531766052,0.07742306121738003,0.08256712237778588,0.08979279853431651,0.0975310119044526,0.106301403493686,0.11671314856958008,0.12794854396302308,0.14116686840583131,0.1545883787766802
2014-01,0.016092862077234375,0.013382145438656224,0.01136648946694332,0.010808235322261465,0.010375071894952261,0.010089349571339787,0.010012853794174093,0.010104847702966272,0.010019686729852456,0.010257623076973055,0.010642007392729202,0.011323204689783588,0.011881482774293154,0.012639958369457882,0.01301893748597494,0.013929535007374207,0.014882089997999427,0.016024193357879895,0.01726451782321963,0.01870117661610302,0.020148421661419964,0.021615738898270606,0.023501169329740182,0.02561271246864198,0.02792525302794553,0.03113787461023747,0.033737004465285436,0.036937429703160184,0.040536310012393786,0.044681045139462895,0.048993927055639604,0.053464279747125476,0.05811593618559267,0.06399737400420479,0.06883256100082698,0.07531390669267836,0.08281072506133953,0.08840266293829578,0.09605286190153016,0.1043033707526052,0.1137738581544943,0.12475727851782363,0.13694652191633178,0.15133755965899767,0.16563081965349558
2014-02,0.017209404439437814,0.014310498485869566,0.012157557384844411,0.011590678640357533,0.011128930720899429,0.010830900686737754,0.010753663165606215,0.01085936073006427,0.010790658853219342,0.011046800886526703,0.011481021722830597,0.012210721350646887,0.012835822064039744,0.013663424945354934,0.014062562014316635,0.015048084987095643,0.016080593261129345,0.017316732678738248,0.0186549624220453,0.020208540077618395,0.021757856995840874,0.02335647326594484,0.02537576632237716,0.027698611520039617,0.03019011389754991,0.0336275047747194,0.03647692945412733,0.03992546375746303,0.04383187702210873,0.04828589366196121,0.05303002356538621,0.05775136973469172,0.06278089699474967,0.06916181013507308,0.07434078888764123,0.08143419360410185,0.08950858655347006,0.09529249919525325,0.10358566354563258,0.11270108401286916,0.12287215674703278,0.13435054544834343,0.1477978645459952,0.16336853164083182,0.17822717200947805
2014-03,0.018512314841612,0.015466545392322999,0.013181818703278678,0.012564184673131614,0.01207898131176093,0.011758842110385343,0.011676751777366217,0.011792751266831382,0.011697313403853549,0.01196476941604972,0.012409633941313477,0.013186114108842925,0.013832625176727596,0.014724143339155936,0.015148758664311859,0.016202467122813684,0.01731614375753276,0.018643927798368643,0.020063671565930245,0.02173051838792424,0.023384927479124813,0.02506570239914877,0.02719722999668045,0.02964934553157344,0.03229545651229015,0.03596811162080776,0.03895128738408427,0.04258454941530603,0.04671894265803055,0.05143450236436303,0.05640402118513056,0.06142038078124029,0.0666532430300096,0.07342240565747672,0.07892321014170207,0.08634485025729839,0.09471273478269412,0.10084073526065088,0.10945815012296294,0.11898695678433723,0.1296885271127117,0.14201761595725496,0.15586447759334082,0.1725352612257937,0.18800462551480385
2014-04,0.018098628527567943,0.015124636343936713,0.01287834026239672,0.012315250240844108,0.011850644067210264,0.011541459517391465,0.011463035361527775,0.011581443218625729,0.01149084880715932,0.01175845722735737,0.012193300562663765,0.012959539741185664,0.013584496588400795,0.014468642074854246,0.014887148643699354,0.01594492263058205,0.01703873210934112,0.01836277892574994,0.019767888413812832,0.021420941257631283,0.02304727692627508,0.024711166200164805,0.026809030827589238,0.02923553903522126,0.031816529991362294,0.03545807024538706,0.038385545211320565,0.041977922887063056,0.04604208894317249,0.050706515798433445,0.05558687056802756,0.06054306619489963,0.06562713283631454,0.0722793081257135,0.07767797588616891,0.08501734191039552,0.09320805292947251,0.0992684015335668,0.10778171939322649,0.1168777894973909,0.12740292136399917,0.13952501338348827,0.1537380494567059,0.16972281896449182,0.18528703401964394
2014-05,0.01722428211827094,0.0143518745033965,0.012227110890721928,0.01168970041567636,0.011239961783569953,0.010968463014163508,0.010909229728138436,0.011030262741944677,0.010955049746867708,0.01122173324323685,0.011656053149980274,0.012397185471329281,0.01300545486492068,0.013854268461515397,0.014274454184151323,0.01529511185764522,0.016336979515097723,0.01760851940484012,0.01897046193342513,0.020557473093338777,0.022147674909614782,0.023763128430862212,0.025814329717115517,0.02815602747233333,0.030664957943809985,0.034177903628647824,0.037022477627727056,0.040502187624335745,0.0444560271239915,0.04897715525220481,0.05376453347205918,0.0585722459211189,0.06352600167879759,0.07002040842701066,0.07517444594343585,0.08235211434297604,0.09040931035979397,0.09630643055812767,0.10464029886959289,0.11362709800208932,0.12387420626998738,0.13562014696029023,0.14915123510674227,0.16478128465756003,0.18013793820576415
2014-06,0.01543324229172745,0.012876494183073036,0.010979654779210984,0.010505604618329296,0.010109816226532882,0.009863365357544701,0.009813874365547773,0.009912515359369385,0.009835886146503976,0.010087339039810852,0.010469321068846031,0.011129608960799687,0.011684103071349266,0.012440456811966958,0.012805617116863097,0.01371079112053626,0.014643946564195981,0.015771362601788942,0.01700274409191383,0.018404643439802987,0.019818916294004348,0.02125581618731374,0.023086111723081913,0.025179874157390956,0.02741605533040735,0.030543041039001628,0.0330933513160445,0.036173813522449395,0.03968046841867465,0.043736725339503776,0.04798086572522693,0.05227900766293122,0.05672326115399386,0.06248466180616989,0.06717266732792068,0.07354345141874487,0.08061759866729092,0.08600992427486624,0.09330375394514447,0.10159917625733807,0.1106171847691807,0.12101143564194591,0.1329620999698889,0.14689526528155686,0.16064659443547089
2014-07,0.01465271344943679,0.012254914554791278,0.010445805372681374,0.010015782313983191,0.0096424865913854,0.00940669306100386,0.009363900357802525,0.009472806953964191,0.009410092531848704,0.009644200730610062,0.010015060653212211,0.01065374421230141,0.011192065707177826,0.011917966544817875,0.012276577198613947,0.013154076876599481,0.014067043270330818,0.015159179759209114,0.016339150918702916,0.01770636791233827,0.019070546074496854,0.02045022056408496,0.022223868627849218,0.02424438871588864,0.026404677524451588,0.029444574257093865,0.031901213229060414,0.034907343197491024,0.038324744304576615,0.042209725754166066,0.04634345424520217,0.05045118900034574,0.054755261379389956,0.06033328705464345,0.06489478682223919,0.07103555499340122,0.0779151461717086,0.08305576387251165,0.09021072098563969,0.09800041976811313,0.10685249198964249,0.11707821051131206,0.1287174748446339,0.1421770770853855,0.15517630653679074
2014-08,0.014092349740008893,0.011947090158415639,0.010200892860048417,0.009797355813960372,0.009439774199618686,0.009210349775395347,0.009170040510293612,0.00928382404953057,0.009232927355948656,0.009474558048662367,0.009845675748636047,0.010477132441446265,0.011006786350327742,0.01172646399823303,0.012085937321447686,0.012956159256103161,0.013862532368844322,0.014944138751855516,0.016107808689422947,0.017463372055161498,0.0188104833177159,0.020177115989604685,0.02192669381583914,0.023928356774237894,0.026058772518677147,0.029071676780704384,0.03149983332000723,0.03447179139329219,0.03784140233755247,0.04168792375539516,0.045752126895144865,0.04983437394621171,0.05408024421987152,0.05959237168141973,0.06411264408813908,0.07015748664024667,0.0770129254175361,0.08204593543856993,0.0891069623656199,0.09679251494059335,0.1055056629051705,0.11557262147064555,0.12714232577750126,0.14045780091382987,0.15312381685870993
2014-09,0.01452034408786103,0.012367219096829885,0.010628144794109675,0.010186372024914115,0.009823184785108397,0.009590324836151397,0.009554621238442038,0.009676188191377076,0.009635453205699397,0.0099107105290069,0.010308865659043407,0.010980030930911515,0.01153990112015661,0.012308576731014285,0.01269598527167096,0.013608111624109537,0.014561449103316077,0.015700781092958575,0.016926741729391903,0.018360696995233152,0.01978816119258704,0.021256588826778125,0.023102554337248404,0.02524115815048857,0.02750857318376195,0.030700439058880428,0.03329590693828098,0.036443734549512025,0.03999027579248605,0.04410916328692071,0.048365590079162045,0.05279832218528543,0.05730545117547573,0.06318606970530341,0.06811428309275797,0.07456083011367985,0.08206083957895018,0.08756619230483637,0.09516781965121035,0.10375217619511191,0.11312912716377901,0.1240657981758402,0.1368164426059011,0.1514582726376082,0.16546261025423764
2014-12,0.016773862999296705,0.01432013203841958,0.012307634965661911,0.011888686913952957,0.01151065051328885,0.011287280173251089,0.011279351857747281,0.011470131903547173,0.011453112463804094,0.011794888278852922,0.012291885392835645,0.013110310971119596,0.013779921492115418,0.014704739278794982,0.015178569053258099,0.016278043325812723,0.017415418983058758,0.018787269869169357,0.020252307408193858,0.021933966723063462,0.023645354604967996,0.025355598880597543,0.02754909905003984,0.030022681972539687,0.03265695624276465,0.036415659454546195,0.039469749734962506,0.04310851385544626,0.0473422789143167,0.052103920738466813,0.05716559354462349,0.06214933668816258,0.06759222523240575,0.07431926013384453,0.07995500601974959,0.08742622773077731,0.09606159564893467,0.10236967327286658,0.11093842535163413,0.12051797586408881,0.13112052217734535,0.14378820575056556,0.15809083236268925,0.17479178299121367,0.19071858118858087
2015-01,0.014793591015281127,0.012660602817757249,0.010889615937274317,0.010511521487047098,0.010181191655937165,0.009983450604701067,0.009973119004737364,0.010116068483421059,0.01009248579097754,0.010384507866557074,0.010801140977122446,0.011496134707723366,0.012084523844153962,0.01289765490078932,0.013298153975144982,0.014261657506992896,0.015266856169873616,0.016457704700500175,0.017740333879360238,0.01922395871867745,0.02070503414130591,0.022207914066948123,0.024117733164448974,0.02628728661808197,0.028611396508817097,0.03188166340735987,0.03450573385129438,0.03778197489349455,0.041421490370524276,0.04560802824773985,0.04998719165423144,0.05443192574624419,0.059037695301308195,0.0650300058747542,0.06977712456217115,0.07641520815108675,0.08386893973051956,0.0892172569591358,0.09684041004494551,0.10538193656519472,0.11476218078713821,0.12551276440875708,0.1376333234792457,0.15221362496337923,0.16583644517264665
2015-02,0.014911544090992669,0.012719711925167191,0.010926607959242716,0.010524150016205502,0.010181068700268974,0.00997041876026478,0.0099410432237264,0.0100799876257823,0.010057064451854085,0.01033374952965004,0.010757169209655783,0.011453348935598975,0.012030880676390238,0.012827163241930903,0.013220018735276621,0.014169593770750524,0.015165444283450916,0.01633834415266492,0.017607255761675624,0.01907218313061987,0.02052871761254797,0.022005238133223193,0.023910975428126528,0.02607505180176409,0.028358025753909975,0.0316062433148497,0.03425438359693125,0.037418132179348175,0.04109486969318158,0.04520360721096346,0.049587077014030916,0.05394726990353972,0.05856019549365201,0.06455459298143863,0.0692272843253244,0.07588115109106522,0.08321812037660578,0.0886298944807285,0.09625934233944763,0.10462838167785275,0.11397377657748611,0.12466769836621105,0.13684269931820028,0.15128661102753949,0.16499170894953005
2015-03,0.014080869501044412,0.011980242205331906,0.010295221407179197,0.009901923671712701,0.009571048561781615,0.009363900587348744,0.009337267055179252,0.009459759781964741,0.009418912840198971,0.0096641852147803,0.010043444346295548,0.010679132567328126,0.01121170553818239,0.011939777422695969,0.012300272687187665,0.01317803174807358,0.014081340226104183,0.015165855518434506,0.01632336397968296,0.01767986775443972,0.019021286330412616,0.020382516184024476,0.022121070277863926,0.02411784421125384,0.0262296679459252,0.029223339205157926,0.03163625270295136,0.03454919389149924,0.03793958127026222,0.041744262645196824,0.04575749155516757,0.04979686270160349,0.05401929054139546,0.05947046092606129,0.0638700489395052,0.0699008446792695,0.07668014894385985,0.0816692985094532,0.08874390581198044,0.09638649727886235,0.10472930295898647,0.11472200739199162,0.1261355803801208,0.13928797317636946,0.15195958385542205
2015-04,0.014290676314396917,0.012124017268108115,0.010391185105495205,0.009969555223583369,0.009621729093884335,0.009398730667513431,0.009367526661095709,0.009483620325909301,0.00944198331569507,0.009691706390375043,0.010072881567588633,0.010714003788382019,0.011251666818778336,0.011979419341597557,0.01233493605542333,0.013201804824890492,0.014101446725079935,0.015178521142147523,0.016333302240436515,0.017689649232073022,0.01904144812378751,0.020415209581014584,0.022161415636167907,0.024174312192087672,0.026320447861956642,0.02932479223126608,0.031751562178576484,0.03470646688653131,0.038123865057247394,0.04196074354443764,0.046025477377614914,0.050142760367342644,0.05442325330592962,0.05992588820957048,0.06443053995895892,0.07053644509978367,0.07741220299628548,0.08253316185450711,0.08971243296949899,0.09751057636517892,0.1059591369755905,0.11605678890674158,0.12767769236060914,0.14096191364399221,0.1540001246620682
2015-05,0.014810891511537005,0.012621511880154406,0.0108024670177873,0.010396362645523311,0.0100417372003459,0.009803136749714458,0.009774280210113733,0.009888553542816769,0.009834464854162442,0.010087848405424897,0.010471770154592844,0.011138325591727066,0.011689190751398655,0.012452461065411953,0.01281751740157415,0.013728743446802746,0.01469422626502496,0.015820430479781634,0.01703946448208921,0.01845470489433754,0.019876589268105593,0.021307975878384067,0.0231325419095844,0.025228223970971582,0.027486371478595676,0.030629158861805023,0.03314572121988754,0.036242751314275054,0.03979901977023715,0.043773679317137174,0.04804936832004449,0.05235797957156993,0.056807575016247655,0.06258953706496062,0.06717733779958207,0.07360252843496083,0.08076703059294121,0.08602218988061025,0.09336963191402028,0.1015252415876494,0.11053048076538344,0.12086445483159182,0.13291233359594948,0.1468177546206166,0.16063948691354182
2015-06,0.015070767613693359,0.01283684381021923,0.01098413367931149,0.010587102570589561,0.01020963767533574,0.00998674209021589,0.009955894173702682,0.010092345912134188,0.010049633401122892,0.010323459542278701,0.01073205372746783,0.011409339870115892,0.011995526857086639,0.012791353207237363,0.01319519789231341,0.01415696778698405,0.015161439315924027,0.01634960324039379,0.01761988231676863,0.019109294149860685,0.020591400276542188,0.022089459586213035,0.023985511007787515,0.026157961280430096,0.028498751899681048,0.031785161979830154,0.034432506574300935,0.03761325820140439,0.04134597347307495,0.04549088633089682,0.04990638097872441,0.054334126585447694,0.058974552804161626,0.06500337978308739,0.06972158661100472,0.07636054408501161,0.083782638979022,0.08925409966850964,0.0968639128717175,0.10521149415826159,0.11485826929894823,0.12559276426935587,0.13810371228281063,0.1523315595889806,0.16623395287351123
2015-07,0.01702721123600691,0.014489832457691795,0.012430379775582997,0.01195377532782663,0.011556600744427633,0.011317096917063419,0.011292162367780873,0.011456874412640797,0.011438463114649853,0.011768394691425314,0.012252695916800544,0.013068551623844366,0.013729903271736782,0.01465637952270072,0.015124952208587913,0.016222934188064964,0.01736409096478755,0.018719441008316396,0.020188931987326245,0.021880788811603675,0.023574503720685498,0.025306389481659128,0.02751687287380715,0.03001095099993096,0.03271532475297214,0.0364595232922634,0.039491085715472024,0.043244857747845596,0.0474342172154453,0.052259712220471176,0.05731891885686162,0.06249453279637041,0.06776941518993693,0.0746612058102762,0.08035102939967034,0.08790273876092616,0.09653669004692329,0.10287265005037576,0.11170052298682653,0.12142628082430791,0.13245547945298283,0.14483810010770068,0.15912300424953615,0.17562660455063758,0.19154179189341222
2015-08,0.016382105554286538,0.013999190640892863,0.012020978370687314,0.011597363541837371,0.01123601880454327,0.011025196841045675,0.01100912415493128,0.011182630534911042,0.01115653088419316,0.011479307631627753,0.01195670037089522,0.012745386115341723,0.013413684224817887,0.014326120846831276,0.014789484870546118,0.01588702592159312,0.01701562843904431,0.018371253788174745,0.019812466126244672,0.021502620604377333,0.02318232518438859,0.024897660030814332,0.027052343245114824,0.029529653410659974,0.032206306503098865,0.035864754050784875,0.0388376697395708,0.04252915655562286,0.04668665972230772,0.051412177068989,0.05644360906533551,0.06141494226624878,0.06670488026480059,0.07347149267130516,0.07891790335179966,0.08639073020277982,0.09487323586181189,0.10101915232347235,0.10967158317900225,0.11934617586388424,0.12985351642943188,0.1421080149797158,0.15635480133301652,0.172402942707362,0.18857644897598796
2015-09,0.01529834859877792,0.0131717252007305,0.011275610527336877,0.010867753330153947,0.010533224883327787,0.010339695166188847,0.010333747219387299,0.010504815107160385,0.01050051521812953,0.01081274847075108,0.011274529155906758,0.01202649937073923,0.01266097049400027,0.013522131141398568,0.013975482134131127,0.01501103284335177,0.016080123456075433,0.017359111457997272,0.01872238522885425,0.020319675311568593,0.021893214987498393,0.023494662749047185,0.025555750954735276,0.027894032147543848,0.030410827017480015,0.03387480852101002,0.036728084066614104,0.04018837412578129,0.044132549136990516,0.04856971674247056,0.05329673040169289,0.058096515800607686,0.06301920399781936,0.06945787534461313,0.0746724398303155,0.0818171902194235,0.08980006116083915,0.09566713186864152,0.10396905153494991,0.11289003509578985,0.12326825086891302,0.13484199331316893,0.14825250627439726,0.16372714858009257,0.17943605003999413
2015-10,0.01342856854519996,0.011405565213962188,0.009906815766553981,0.00955528713527223,0.009258077656581976,0.009087362009674018,0.009085639825163423,0.009241273624602727,0.009237524247666915,0.00953064770332395,0.009944625200737038,0.010623123038934465,0.011186711623834602,0.011950241438557708,0.012343303327837599,0.013255543808662134,0.014204187530206407,0.015335779755278398,0.016541103379112066,0.01793418854239566,0.019339699612184586,0.020755622548932172,0.022565962672452377,0.024608663413780766,0.026828815438354525,0.029895392664277005,0.03240282477296016,0.03544688640952934,0.038933918675514406,0.04285309778165517,0.04705730181236801,0.051183967355736985,0.05560920428954243,0.06125572136199543,0.06588210106358665,0.07206567236914913,0.07920223967491913,0.08427235430503816,0.09155792813014436,0.09947585456715427,0.10847481265272048,0.11881483330282108,0.13052599339020451,0.14416996321576153,0.15733044017862235
2015-11,0.012842537651198672,0.01092508609245328,0.009495216259590157,0.009175763384753444,0.00889825160048388,0.008738292858457678,0.008748362339301433,0.008903570309799259,0.00890755900030571,0.009198681050090607,0.009600564433031266,0.010255476791174781,0.01080595015467818,0.011551463175622615,0.011938111106659694,0.012824392341778432,0.013745508595891302,0.014840867429501269,0.016014225578106334,0.017379494423214056,0.01872695261815888,0.02011103107659862,0.02187085610692719,0.02386835632414678,0.026012114004587653,0.02900663371222367,0.03140846898355667,0.03438804675268419,0.03774039063492544,0.041582038909067774,0.045665122661256136,0.04968581415365889,0.053956010494686825,0.059393664730014915,0.06392258513197369,0.0699259549693817,0.07682321735836158,0.08176040212872233,0.08885515255473464,0.0965619294276492,0.1052530353913298,0.11515470854221982,0.12675410777007853,0.13979049807272143,0.15262638200739345
2015-12,0.012873693646218936,0.010971504069372334,0.009550939698104673,0.009245075885479728,0.008973702022906134,0.008816765453381807,0.008835147165369575,0.008996449109010797,0.009008723344214837,0.009309731701676205,0.009720612870010222,0.010382116947310994,0.010942298791381923,0.011701911353551902,0.01209993091362242,0.01300195919859087,0.01393786244350391,0.01505004766708512,0.016243742471718677,0.017639361841118088,0.019002530025562188,0.02041456464150402,0.02220440572568716,0.02424161147805592,0.02641615758425228,0.029461487076579963,0.03189878373181713,0.03493576024212243,0.03833174915920281,0.04224387253932958,0.04638350800455648,0.05049229740958053,0.054802375295846965,0.060313968818027065,0.06491983926772883,0.07103249309875355,0.07799430134413497,0.08305857740607434,0.09025059411652527,0.09805079867444258,0.10689125521956049,0.11682333233930416,0.128688656348078,0.14186631427673738,0.1549136947315847
2016-01,0.013310009359704524,0.011357122408080057,0.009925286603783794,0.009612642671564356,0.009339717025140025,0.009184291932923874,0.009205567065772698,0.009380388416987306,0.009403972176756852,0.009720931269225868,0.010160061869560963,0.01084958760776243,0.011435467740975102,0.012232525065864214,0.012659040955801872,0.01360715880843667,0.014587604584139324,0.015758510539327034,0.017005652762775793,0.01846118315809738,0.019923328115967927,0.021406359550857727,0.023280495030259394,0.025405257555038013,0.027703906733852365,0.030865846583970954,0.0334999563436581,0.03666095230837702,0.04027353190591488,0.04432167081937483,0.048647417351958246,0.05300203668790264,0.057528526001444015,0.06337157302004728,0.06816400255627673,0.0746236317477924,0.08188476573552517,0.0873834900112512,0.0948714469364201,0.10302428052367937,0.11237386429484078,0.12295013578666433,0.13516313246839598,0.14928599817468982,0.1627423946271143
2016-02,0.014975712373044058,0.012838109708940943,0.011242819273794887,0.010894888112056677,0.010593732008355245,0.010421582816705667,0.010451504072839825,0.010657318107128173,0.010681782373038207,0.011048338283419591,0.011555444503546014,0.012356682081408624,0.013018012674634188,0.01393999483605004,0.014422556312258642,0.015519115244503216,0.01665670821269123,0.017999449879476947,0.019438284934488004,0.02110253917148149,0.022776652711269788,0.02448358246513908,0.02661129117753451,0.02907729383907245,0.031715855646694074,0.035364894835760614,0.038329073479576,0.041935920650640834,0.04606618374563758,0.050742402073098644,0.05568516670579599,0.06067631862917711,0.06590773405596985,0.07254197526483719,0.07802626246982175,0.08544363004007469,0.09389493896199054,0.09999002520218406,0.10865730816254758,0.11799055318800705,0.12852602267108373,0.1406933185910593,0.15443915077763168,0.17078408867201778,0.1862634617739796
2016-03,0.014279294028638596,0.012228620183057216,0.010703205961774643,0.010353448183986718,0.010064635121793685,0.009900149318646535,0.00993142791610961,0.010132992952681143,0.010167049435463002,0.010532932069049072,0.011030121542160778,0.01180721940920049,0.012455824571862782,0.013332219443652565,0.0137976463398686,0.014830723515346603,0.015907257295710273,0.017201797226678174,0.01857468942800792,0.0201757302673438,0.021784542400175293,0.023426705225009597,0.02548650862208132,0.02785501544172874,0.030396458345233635,0.03391783931454618,0.0367880009489879,0.040290209579120335,0.04428843427274355,0.04883455405966098,0.053621478385078206,0.05845361861526283,0.06353257865854424,0.07002967493799937,0.07544878624023071,0.08251146925190284,0.09080323419913856,0.09667115136778959,0.10517545291015803,0.11417079187580005,0.12461446129712976,0.1361487627391078,0.15022930833639675,0.16585766707555533,0.18105824606213933
2016-04,0.014734935099237128,0.012671261434599552,0.011202993215302935,0.010821943529713041,0.010533078566291251,0.01037646394516335,0.010412944824247962,0.010632532789528162,0.01066719161922947,0.011043240811040314,0.011551340887953366,0.012358948669632473,0.013034573474495128,0.013968173618842495,0.014452150392932081,0.015569848637254179,0.016715141975004497,0.018078047782870914,0.019535690798372134,0.021227130130391056,0.02289582769155487,0.02462163290290238,0.026770469916131124,0.029241281236162778,0.031885449288936676,0.035564119935522436,0.03856280001553272,0.042208137199044295,0.04632326813871571,0.051064176292261995,0.055981875065124385,0.06101550236267374,0.0661951136747851,0.07294410306694853,0.07842647732273983,0.08586701102503953,0.09419175108960326,0.10026965966425687,0.10891744777840325,0.11822627405901191,0.12892121315727376,0.14102030372039592,0.15518930398855427,0.17134687953065972,0.187402286297058
2016-05,0.013005020491437556,0.011192482523147447,0.00973358666930842,0.009565177925034472,0.00930220486442671,0.009170775019137788,0.009209503837610716,0.00941528368662249,0.009451747820821026,0.009785920203088291,0.010246359653971244,0.010972583925267435,0.011584148965293486,0.012414794316116787,0.012854362331404325,0.013846939087720393,0.014857415248606088,0.01608546079297071,0.017368092859611464,0.01888349404030402,0.020380466511856463,0.021900941042608275,0.02384505856752608,0.026040562194685136,0.028414004402439807,0.031698250795854595,0.03435493320350059,0.03763008149451782,0.04129079573673205,0.045498822825742156,0.04996232991154356,0.05443962808726824,0.059145479198626616,0.06515617430134318,0.0699734107865906,0.07671255505945987,0.08424049673691254,0.08981904525409315,0.0976128576911797,0.10582114454192826,0.11544891342865476,0.12611602603127614,0.13888146265520546,0.1534158942072767,0.1676896962203104
2016-06,0.012321887362805997,0.010637719152866456,0.0092650335189572,0.009101386217153376,0.008868692235449557,0.008741348540118791,0.008782105541199622,0.008973876775930298,0.009012359881211213,0.009333591685160009,0.009771324726820768,0.010457660550936082,0.011035195899624144,0.01182325926634359,0.012238386358593124,0.013183282355180846,0.01416400770881756,0.01531779309722451,0.01655561154940194,0.017987393833046848,0.01940110732353188,0.0208554174236394,0.022702688110020235,0.02477593797479366,0.026988519489034978,0.030134970460117518,0.03267673741918802,0.035762041215958176,0.03926252544202298,0.04322906279352547,0.047457519109653144,0.05169730703919635,0.05613930417202113,0.06181110579014191,0.06648487725513093,0.07267360647257204,0.07991341308661308,0.08509464192129003,0.09224528224859654,0.10025387782968813,0.10928521346263274,0.11958834077750406,0.1311452048960675,0.14505233697113287,0.15885229529453712
2016-07,0.011773077050700577,0.010142310351385088,0.008835156085451547,0.008667749932817818,0.008442468157392016,0.008324072829693047,0.008358455468997066,0.008542225663811636,0.00858000744397561,0.008893737062884233,0.009317833336800278,0.009973370636758702,0.01052789994844137,0.011277518616989817,0.011675826061423896,0.012569270207914379,0.01349866941953276,0.014594454130258654,0.015774677092262275,0.017140362529120916,0.018501074416420415,0.019891719383899747,0.021650266654433967,0.023641611173798895,0.02577503189817757,0.02876363076478757,0.03119414110080744,0.03417369081531127,0.037536989982173925,0.04132038059393287,0.045402938957020536,0.049467689841029096,0.05370660873302284,0.05922726405199376,0.06369569821561741,0.0697079378720378,0.07657311023309085,0.08165092072443225,0.0885585297843797,0.09626828955631536,0.10502593981524183,0.11495097413171759,0.1260690366828033,0.1394653568729156,0.15244073664277838
2016-08,0.011925909936468936,0.01027082613842123,0.008958912284525843,0.00879706811074152,0.00857084880782641,0.008453943970484216,0.008485443009365375,0.008672077757607678,0.008704795916652429,0.009022680689354641,0.009449409787748754,0.010109771469823435,0.010668582895341065,0.011429803556346494,0.011840523157944215,0.012751797782612668,0.013698311587265918,0.014814039355499171,0.016009446628211497,0.017396545461619308,0.018785161634990794,0.020186076436078556,0.021955766688983278,0.02397367713454184,0.026140712097307367,0.029154671431135183,0.031594298607973796,0.03460821702960337,0.03799892160851113,0.0418194955204997,0.04594767962499981,0.05002502587666431,0.05425281823148733,0.059873780919257165,0.06429561519617051,0.07041696985697225,0.07725499250176913,0.08233517692992408,0.08931177725096168,0.09701284242997833,0.10583266889719202,0.1157103293274955,0.12709523545205026,0.1405255177455905,0.1532434271646854
2016-09,0.012957673242840266,0.011146624053337705,0.009705073064972897,0.009519313335603899,0.009270241952037987,0.009133387560152976,0.009177422709237276,0.009382657469308933,0.00942836724258538,0.009774652083796659,0.01024230401549919,0.01097237429179924,0.011583166473011861,0.012409706169853936,0.012856325365241032,0.013836105891309843,0.0148699467325296,0.01608367756357674,0.017366355308015734,0.01887597584612176,0.02038866492283811,0.021915966832141653,0.02385344059198559,0.026050857385401045,0.02840396771686145,0.0317112833832863,0.034402130696451184,0.03763711931893037,0.04131559035558087,0.045578230828837406,0.050027809441062644,0.05448578388529977,0.05916777283959663,0.06520151150483558,0.07011358911331328,0.07673172595297251,0.08430688277728501,0.08979656312162605,0.09742704433254545,0.1059764858650578,0.11553924641754675,0.12627991653584245,0.13903748379211955,0.15346095971184107,0.16753597188782804
2016-10,0.01365503747893182,0.011779191585049326,0.010282844246857624,0.010112700476538845,0.009849714289075464,0.00972145875891141,0.009772385418485576,0.009992961152393712,0.010047877035739469,0.010417503655637825,0.010928204659469426,0.011712213362510503,0.012373163753034324,0.013259832271391589,0.013742139684925011,0.014794552486411663,0.015911178341941255,0.017207156577991545,0.018588847773382235,0.020202464517429325,0.021809076965849397,0.02345613044820351,0.02553995037511727,0.02791115909444378,0.03042823047069036,0.03396427102359206,0.03684187942775032,0.04032781321454142,0.04430523029012245,0.04883431456529811,0.0535786223097584,0.0584209155708846,0.06344423399313669,0.06991746260586978,0.07528122412315659,0.08234822267502594,0.09045957370939814,0.09649656505771212,0.10462599031185492,0.1138278913442159,0.12424157295051286,0.13583970556670988,0.14964227095067245,0.1651392709865516,0.17987578117095074
2016-11,0.014765545691128666,0.012810041203118403,0.01121702440228831,0.011080949156585303,0.010827329084807824,0.010696749425420338,0.01077103811677113,0.011030213381844721,0.011109545835243402,0.011531597595904849,0.012088848420288413,0.012964852438636477,0.013702133270269631,0.01469703761930182,0.015231596803370632,0.01643337539759164,0.01766021988029116,0.01911985563046152,0.020686421632975863,0.022474925448371718,0.024275439668516793,0.02608750814890356,0.028401369418114202,0.03102210198685586,0.033837823633373544,0.03772822267317604,0.04091944321121944,0.04478907764248844,0.04921621533949837,0.054242957577387126,0.05951952100248252,0.06481353351393114,0.0703862194114933,0.07757732764277536,0.0833449292622608,0.0913590062499287,0.10020235481023362,0.10665656157755411,0.1157562965334183,0.12598615227821008,0.1373083436734478,0.1501140252422302,0.16514083477065916,0.1821596077693298,0.1987386317573361
2016-12,0.012902661912149376,0.011228294043984174,0.009837179695104796,0.009729032501022666,0.009509942866380017,0.00940907803016113,0.00947585002575077,0.00971719060781996,0.009790559176675947,0.010172351521699348,0.010676260374845488,0.01145343222038436,0.012107045780052677,0.012992473615160594,0.013465130640455234,0.014513356163769002,0.015595996946658239,0.016885252384359797,0.01825005147638752,0.01985621105779764,0.02144346991289873,0.023063246458838702,0.0250954202908832,0.027441062588930462,0.02994705918150988,0.03340757226287541,0.03620840233050746,0.03966302657988326,0.04354233089203622,0.04805371408790982,0.05273171251751619,0.05750217843701499,0.06240600825518165,0.0688217279655167,0.07395458296872923,0.08103617883759225,0.08908330727841401,0.09480852623486896,0.10305713454566946,0.11192377361091503,0.122001671072808,0.13349067742610293,0.14662431925807196,0.1621209656833711,0.1768510991847675
2017-01,0.01173097853320646,0.010214316074792439,0.008980095495891084,0.008884085732775335,0.00868841767745176,0.008597797390390934,0.008672163091847616,0.008894604928901453,0.00896676305259367,0.009322082344797759,0.009786578110462357,0.01050656199189778,0.01110592409817804,0.011912933632335927,0.01236059064506476,0.01331250415098857,0.014309575561583217,0.015490933716153035,0.01674103703515323,0.018208941244147743,0.01967840856540873,0.02116877015855944,0.023046449059157165,0.025209895104561838,0.027499269973641362,0.030704554297410067,0.03330101367456385,0.03649362243197031,0.040125118256719175,0.04417275855085691,0.04858362097109219,0.05294645456639765,0.057558880708184434,0.06339801288588379,0.06829020842438954,0.0748657178586267,0.08223216377904743,0.08772697740044427,0.09539262503102368,0.10359208662395973,0.11296159903782639,0.1237350210050829,0.1358382924000061,0.15030135841290296,0.16403352754779837
2017-02,0.011037697365098081,0.009617860674636033,0.00846181200488604,0.008381328849655527,0.008201990749267018,0.008112359169480913,0.008184586497706405,0.00839079831306798,0.008464426042464867,0.008796565497356934,0.009235368484776912,0.009911817539529657,0.010484771217502398,0.011246567263868584,0.011662118219295801,0.01256540473164441,0.013508324608766619,0.01462793095321587,0.015804577596649414,0.017195913098133994,0.0185763074141295,0.019984490445299076,0.02174987828436346,0.02379095010902179,0.025954845666929478,0.028984395894929252,0.03142723932772935,0.03442153256008194,0.03780833912142321,0.04170319685983345,0.045797439880332316,0.04994312022111679,0.05425722215995987,0.05982326754989507,0.06441217399060377,0.07065976922515523,0.07756510070316536,0.08271900180476989,0.08982405384616945,0.09768644228799796,0.10641178323429659,0.11662358875151235,0.12809773358096568,0.14166591862490333,0.15480304371118042
2017-03,0.01090963924562292,0.00951279572068053,0.008368940132997868,0.008304425636237178,0.008124014518491996,0.008044630537697097,0.008115730859209492,0.00831823276979161,0.008386089827837265,0.00871113020987117,0.009147175700993085,0.009811472521574651,0.010383850217400471,0.011134298873643993,0.011542975853639474,0.012447983623504431,0.013381895281109514,0.014486424170405163,0.01565030128281425,0.01702259131861106,0.01838130844698281,0.019769674116213443,0.021521464270711693,0.023513818291623835,0.025655281368255192,0.028653321820885896,0.031052754644625997,0.0340147166274721,0.03733963629588229,0.04116081851215374,0.045172696816162934,0.04928410765169323,0.05349722540257131,0.058978330687121855,0.06343810546041762,0.06953392124802982,0.07637765765046868,0.08141302084343338,0.0884135179933968,0.09612372073350038,0.10473252028248105,0.11470725129261146,0.12601958203221206,0.13931480236491658,0.15211021580398712
