,r_av,l_av,r_smooth,l_smooth,r_log,l_log,f_smooth,A
1976-06-01,6.63,14.726666666666667,8.144514285714285,19.441877380952377,2.0973446068460655,2.9674293674636703,5.3659674536796125,1.0
1976-07-01,6.434375,17.1359375,8.056514285714284,19.21687738095238,2.0864809922210377,2.955788923170833,5.270551884701218,1.0
1976-08-01,5.446666666666667,16.713333333333335,7.914701785714284,18.807252380952377,2.0687220155182207,2.934242560392013,5.184629925098562,1.0
1976-09-01,5.665,14.186666666666667,7.980035119047617,18.700719047619046,2.0769428123351936,2.9285619748656257,5.11894181982198,1.0
1976-10-01,7.54375,15.7140625,8.249035119047619,18.913852380952378,2.1100962382398336,2.9398945838125394,5.067637971175304,1.0
1976-11-01,7.246666666666666,14.139999999999999,8.501477976190474,19.46194285714286,2.140240027932794,2.9684609102708777,5.028768513259817,1.0
1976-12-01,7.371666666666667,16.84,8.873915476190476,20.199630357142855,2.1831161280286056,3.005664305088384,5.007192128314954,1.0
1977-01-01,6.7546875,17.3421875,9.419715476190474,21.261363690476188,2.2428048839060506,3.056891514340995,5.0,1.0
1977-02-01,6.933928571428572,17.06607142857143,10.419420238095235,22.901549404761905,2.343671395439026,3.1312045678679765,5.0827167367347865,1.0
1977-03-01,5.59,17.566666666666666,11.474545238095237,24.471486904761903,2.4401311244942114,3.1975086400041635,5.290801027583234,1.0
1977-04-01,10.725,25.383333333333336,12.369945238095239,25.888020238095237,2.5152697594014883,3.2537803226316178,5.654302312062277,1.0
1977-05-01,13.8546875,30.671875,13.34987857142857,27.249486904761902,2.591507289031751,3.3050346917489324,6.163204110332936,1.0
1977-06-01,14.925,32.9,14.086036904761903,28.354516071428566,2.6451840162801656,3.344786314539487,6.8662963725786215,1.0
1977-07-01,12.725000000000001,27.275,14.899149404761902,29.590824404761896,2.7013041243931615,3.387464326948711,7.675692566018624,1.0
1977-08-01,10.309375,20.43125,15.78504107142857,30.885320238095233,2.759062723934259,3.430280997819872,8.630489273250243,1.0
1977-09-01,12.358333333333334,22.72,17.171974404761905,32.826586904761896,2.8432786598395348,3.4912387634151862,9.80920277172095,1.0
1977-10-01,12.315,22.895000000000003,18.898374404761903,34.921432738095234,2.939075908036438,3.553100759284804,11.06449387412191,1.0
1977-11-01,13.245,30.768333333333334,20.392491071428566,36.78167023809524,3.0151667483564633,3.6049996297300715,12.465185490314486,1.0
1977-12-01,16.065625,35.784375,21.9006244047619,38.80307023809523,3.08651514804897,3.6584993733464417,14.011277620298683,0.999
1978-01-01,21.016666666666666,43.38333333333334,23.490632738095236,40.781345238095234,3.156601734795705,3.7082247522946066,15.82070623637214,0.999
1978-02-01,32.239285714285714,55.14464285714286,25.560516666666665,43.04387202380951,3.241048843180884,3.762219875185541,17.667292761525676,0.999
1978-03-01,33.921875,54.9625,27.52515952380952,45.20289583333332,3.3151004781890254,3.8111611518951203,19.52195709300097,0.998
1978-04-01,28.05,49.6,29.93075952380952,47.48562916666665,3.3988866982151786,3.8604271214053196,21.7966673532076,0.998
1978-05-01,29.945,50.75,32.13882202380952,49.435358333333326,3.4700647082316363,3.900665923898396,24.079455419735982,0.997
1978-06-01,24.838333333333335,44.76166666666666,34.14796785714285,51.19514999999999,3.5307030778668054,3.935644800996118,26.507644000055986,0.995
1978-07-01,26.957812500000003,45.634375,36.30350119047618,52.851016666666666,3.591914188147925,3.9674769489650275,29.081233094167608,0.994
1978-08-01,28.581666666666663,49.498333333333335,38.41106369047619,54.72576666666666,3.6483455350354506,4.00233465275194,31.986658471976984,0.991
1978-09-01,40.120000000000005,65.24499999999999,40.73668869047618,56.820516666666656,3.7071291284201324,4.039897469427056,34.86074196125794,0.987
1978-10-01,48.825,66.5578125,43.170888690476175,58.87631666666666,3.7651663951900196,4.075438915851556,37.880225964330535,0.983
1978-11-01,44.89666666666667,62.220000000000006,45.518888690476174,60.66905,3.8181273758661947,4.105433683351308,41.26127257836493,0.975
1978-12-01,44.949999999999996,64.675,47.77665119047619,62.29081666666667,3.8665370513391633,4.1318140098987906,44.58125097660685,0.966
1979-01-01,47.121875,66.296875,49.93582619047618,63.82810833333332,3.910738704876663,4.156193662816486,48.046629888640396,0.952
1979-02-01,58.50178571428572,73.90535714285716,51.76495952380952,65.052375,3.9467134632958065,4.17519271466866,51.903297738899816,0.933
1979-03-01,56.050000000000004,71.04166666666667,53.170721428571426,65.82712261904761,3.9735078957629497,4.1870319512589385,55.413589254082325,0.909
1979-04-01,65.73,74.63499999999999,54.089046428571415,66.53322261904762,3.9906316963800244,4.197701411165499,59.31516970749072,0.875
1979-05-01,65.92656249999999,74.1265625,54.742171428571424,67.07722261904762,4.0026343708669065,4.2058445320884115,63.36215067469072,0.83
1979-06-01,64.08333333333334,74.66666666666667,54.86423809523808,67.13315595238096,4.004861735446458,4.206678049394108,67.83919405046103,0.766
1979-07-01,68.81333333333333,74.29666666666668,55.57097142857142,67.63215595238096,4.017660968308218,4.214083549718111,70.0,0.688
1979-08-01,65.4140625,74.14375,56.39159642857142,68.49928095238094,4.032320147909071,4.226823248167552,70.0,0.59
1979-09-01,68.44999999999999,72.80000000000001,56.96932976190476,69.08854761904762,4.042513048668048,4.235388980699889,70.0,0.462
1979-10-01,73.21333333333332,74.11500000000001,57.17592976190476,69.10174761904761,4.04613300146276,4.23558002161224,70.0,0.322
1979-11-01,71.01500000000001,67.71333333333332,57.114929761904754,69.11576845238095,4.045065549418976,4.235782902314772,70.0,0.165
1979-12-01,69.6890625,71.3125,57.004813095238084,69.06421845238094,4.043135704537006,4.235036773970918,70.0,0.0
1980-01-01,70.045,74.21666666666667,56.772613095238086,68.83095178571428,4.039054045632524,4.231653524379671,70.0,-0.176
1980-02-01,66.74499999999999,73.99,56.780595238095216,68.64379107142858,4.039194634225086,4.228930684881625,70.0,-0.331
1980-03-01,67.38333333333333,74.51333333333334,56.43133630952381,68.05826428571427,4.033024612535747,4.220364166039865,70.0,-0.471
1980-04-01,56.88,72.61500000000001,56.35886964285713,67.81706428571428,4.0317396308119156,4.216813848908839,70.0,-0.59
1980-05-01,44.378125,63.2,55.615669642857135,67.34833095238095,4.018464989659397,4.20987812084746,69.29632341619721,-0.688
1980-06-01,32.99666666666667,52.14833333333333,54.68567380952381,66.88166845238094,4.001601770362989,4.202924915420732,67.67759815987986,-0.771
1980-07-01,42.50666666666667,57.236666666666665,53.79990297619047,66.49431428571428,3.9852716637495784,4.197116444543578,66.17878594234597,-0.83
1980-08-01,47.4734375,67.3125,52.41123630952381,65.82198095238094,3.959121001727303,4.186953839573712,64.69811183151884,-0.875
1980-09-01,43.025000000000006,64.22999999999999,51.124473809523806,65.09283095238095,3.934263322075747,4.175814419531132,63.13871833758445,-0.911
1980-10-01,45.285000000000004,65.575,49.742911309523805,64.25876845238095,3.9068679672117455,4.1629181884306234,61.6955296472846,-0.935
1980-11-01,47.3,66.90833333333333,47.9471113095238,63.218301785714274,3.8700985557091645,4.146593844448104,60.27047906369146,-0.953
1980-12-01,42.14375,60.931250000000006,46.22277797619047,62.41423511904761,3.8334727063761136,4.13379337626621,58.86356658680511,-0.966
1981-01-01,39.145,58.843333333333334,44.66602797619047,61.539297619047616,3.7992132121400575,4.119675956423621,57.382852169074184,-0.976
1981-02-01,47.32142857142857,61.61785714285713,43.3182994047619,60.3287738095238,3.7685751647777863,4.099809167524155,56.01342511271507,-0.983
1981-03-01,49.7703125,59.2671875,41.9694994047619,59.09810714285713,3.7369431498205166,4.079198895859501,54.75165779638644,-0.987
1981-04-01,54.23833333333334,65.01166666666667,40.866566071428565,58.21797380952381,3.7103122732835465,4.064194135402069,53.32898532011709,-0.991
1981-05-01,47.15,62.91666666666667,40.31299107142857,57.5641863095238,3.6966737760986286,4.052900608865885,52.0139725838782,-0.994
1981-06-01,42.67666666666667,62.459999999999994,40.43253273809523,57.3537863095238,3.699634726708995,4.049238862486298,50.717097954346066,-0.995
1981-07-01,41.9390625,64.9828125,41.038599404761904,57.650319642857134,3.7145130727158744,4.054395791241885,49.43836143152068,-0.997
1981-08-01,34.09666666666667,57.48833333333334,41.290145238095235,57.79547797619047,3.720623857404412,4.056910536911712,48.09436803145481,-0.998
1981-09-01,33.245000000000005,55.915000000000006,41.25600773809523,57.54957797619046,3.719796744311546,4.052646801973157,46.85311692915668,-0.998
1981-10-01,33.9109375,51.9484375,40.90134107142857,57.111711309523805,3.711162851543691,4.045009197374451,45.63000393356532,-0.999
1981-11-01,28.318333333333328,48.10333333333333,40.18414107142857,56.35717797619047,3.6934724170783664,4.03170961438209,44.34534229588239,-0.999
1981-12-01,27.906666666666666,47.611666666666665,39.287766071428564,55.481219642857134,3.6709131745201886,4.016044578673944,43.159714720818265,-0.999
1982-01-01,30.770312500000003,49.4390625,38.7593494047619,54.956302976190464,3.657372001658831,4.006538378114968,41.992225252460905,-1.0
1982-02-01,36.35178571428571,43.95357142857143,38.40804940476189,54.457141071428566,3.6482670575421707,3.9974139899335475,40.76689537716092,-1.0
1982-03-01,33.025,43.223333333333336,37.621317261904764,53.71361428571428,3.6275708381962066,3.9836664942564552,39.711660635866394,-1.0
1982-04-01,39.81,52.51,36.89450476190476,53.153926785714276,3.6080626175148285,3.9731919832576392,38.598585487629265,-1.0
1982-05-01,43.040625,56.2703125,35.98617142857142,52.52526011904761,3.583134737676314,3.961294199009094,37.50364844609887,-1.0
1982-06-01,47.36666666666667,57.940000000000005,35.10490476190476,51.74439345238094,3.5583408575159456,3.9463160871919496,36.355707826080994,-1.0
1982-07-01,48.14833333333333,59.56166666666667,34.40127559523809,51.01130595238094,3.538093644948781,3.9320472934965642,35.29825620507788,-1.0
1982-08-01,48.7953125,60.865625,33.709846428571424,50.08859345238095,3.5177899735717366,3.9137933065676163,34.25894269078148,-1.0
1982-09-01,46.620000000000005,61.165,33.25957976190476,49.35866011904762,3.5043428387452353,3.8991132341526775,33.17033383314655,-1.0
1982-10-01,34.15833333333333,53.28333333333333,32.73652976190476,48.601122619047615,3.4884915724921597,3.883646629797025,32.168505739377444,-1.0
1982-11-01,27.355,46.71166666666667,32.14769226190475,47.96738511904761,3.4703406677621875,3.870521303272477,31.184815752315075,-1.0
1982-12-01,24.890625,45.009375,31.697425595238087,47.35965178571428,3.456235466078717,3.8577706380511336,30.219263871959452,-1.0
1983-01-01,28.933333333333337,47.80833333333334,31.261221428571424,46.75218511904761,3.4423783974408506,3.8448609951567794,29.209334090527996,-1.0
1983-02-01,30.3625,46.364285714285714,30.824837499999994,46.215336904761905,3.4283207773414595,3.833311710634168,28.28126763069963,-1.0
1983-03-01,27.653125,43.029687499999994,30.315953571428572,46.099881547619034,3.4116740944612296,3.8308103805333373,27.43143687113303,-1.0
1983-04-01,31.6,45.275000000000006,29.9526869047619,46.05188154761905,3.3996190335512395,3.8297686206639914,26.47954903116315,-1.0
1983-05-01,31.53,49.295,29.322020238095234,45.5725482142857,3.3783387777175684,3.819305522393236,25.605896891455025,-1.0
1983-06-01,25.118333333333336,43.395,28.554995238095234,44.97973571428572,3.3518318853542572,3.8062120708866454,24.750382858453634,-1.0
1983-07-01,25.0859375,44.1328125,27.57726607142857,44.26157321428571,3.316991740237391,3.7901168788236843,23.913006932158993,-1.0
1983-08-01,24.653333333333332,41.915,26.58466607142857,43.42130654761905,3.28033458608857,3.77095025491449,23.03979816839259,-1.0
1983-09-01,22.84,39.239999999999995,25.5339869047619,42.485281547619046,3.240010384543085,3.7491576994223434,22.239907662625217,-1.0
1983-10-01,20.16875,36.9765625,24.448436904761905,41.42124404761904,3.1965662836016673,3.7237938904661574,21.458155263564592,-1.0
1983-11-01,19.189999999999998,36.105000000000004,23.752236904761904,40.57864404761904,3.167676711509137,3.7032419195372555,20.64427826218112,-1.0
1983-12-01,17.061666666666667,32.91,23.162436904761897,39.79077738095237,3.142531867582378,3.6836351613415412,19.900011283647764,-1.0
1984-01-01,17.0015625,32.425,22.567936904761904,38.89590238095238,3.1165301779124612,3.6608889078254614,19.17388241182115,-1.0
1984-02-01,19.860714285714284,36.017857142857146,21.730103571428565,37.72956904761904,3.0786985605445345,3.630444111902481,18.419337172820633,-1.0
1984-03-01,23.6296875,41.0671875,20.769270238095235,36.54933095238095,3.033474501887766,3.598662881031832,17.77603898828814,-1.0
1984-04-01,23.94333333333333,42.023333333333326,19.892078571428573,35.476943452380944,2.9903215907455847,3.5688830052631073,17.06018837692868,-1.0
1984-05-01,24.043333333333337,40.526666666666664,18.846016071428565,34.30788095238095,2.9363015425608414,3.5353750931554107,16.407821139042817,-1.0
1984-06-01,23.865000000000002,41.45,17.84581607142857,33.03308095238095,2.8817690869936348,3.497509512448362,15.773592007863703,-1.0
1984-07-01,22.923437500000002,39.985937500000006,17.12288273809524,32.04521428571429,2.840415740773097,3.467147851958775,15.15750098339133,-1.0
1984-08-01,23.333333333333336,38.555,16.391632738095236,31.049026785714283,2.796771005737778,3.435567464433015,14.520329448235339,-1.0
1984-09-01,22.528333333333336,37.464999999999996,15.723499404761904,30.078426785714278,2.7551563706728905,3.4038081967070544,13.941723844290227,-1.0
1984-10-01,19.48125,34.564062500000006,15.149432738095236,29.249960119047614,2.717963088224353,3.375878210225572,13.381256347051867,-1.0
1984-11-01,16.75333333333333,32.21833333333334,14.639482738095236,28.488297619047614,2.6837221758116523,3.349493393093315,12.803416574278824,-1.0
1984-12-01,12.61,27.015,14.147882738095237,27.718285119047618,2.649564983076998,3.3220923080158005,12.280434497567732,-1.0
1985-01-01,10.028125,22.637499999999996,13.74141607142857,27.13861845238095,2.6204143434508285,3.3009577486298722,11.775590527563383,-1.0
1985-02-01,7.9875,18.65,13.369067857142856,26.576618452380945,2.592943669696299,3.280031823686149,11.257082517173284,-1.0
1985-03-01,6.341666666666667,16.858333333333334,12.886389285714284,25.781466666666667,2.5561716602333098,3.2496558875400448,10.820316907674908,-1.0
1985-04-01,5.723333333333334,16.220000000000002,12.189135119047618,24.71684583333333,2.5005449909389963,3.2074850287095185,10.369887257790786,-1.0
1985-05-01,5.448437500000001,16.048437500000002,11.402335119047619,23.635312499999998,2.4338181694288017,3.16274188607444,9.937595714613412,-1.0
1985-06-01,6.5249999999999995,17.425,10.599401785714285,22.56964583333333,2.3607975642155163,3.116605898784895,9.496476959505419,-1.0
1985-07-01,7.045,18.69833333333333,9.804239285714283,21.39033333333333,2.282814872315623,3.0629391065789373,9.101670836855305,-1.0
1985-08-01,6.8046875,19.228125,9.052301785714285,20.261562499999993,2.2030190663355596,3.008725618255444,8.725002820911941,-1.0
1985-09-01,7.95,17.65,8.266835119047618,19.187762499999998,2.11225174159936,2.9542727060355936,8.343215828186894,-1.0
1985-10-01,8.488333333333333,18.528333333333332,7.6073892857142855,18.286099999999998,2.029120049375732,2.906141208391834,8.004033232770798,-1.0
1985-11-01,7.42,17.935000000000002,7.048139285714286,17.3725375,1.952763650883877,2.8548906547879844,7.682988744061446,-1.0
1985-12-01,6.9,16.854687499999997,6.580539285714284,16.552404166666665,1.8841167002940673,2.806531358140939,7.3800823620588325,-1.0
1986-01-01,6.900000000000001,18.418333333333337,6.232514285714285,15.837616666666664,1.829779828545205,2.7623879121026294,7.0769744455372585,-1.0
1986-02-01,7.692857142857143,18.375,5.963746428571428,15.28997380952381,1.7856988789918156,2.727197307024122,6.8115534840619185,-1.0
1986-03-01,7.79375,16.1390625,5.782846428571427,14.886040476190471,1.7548960231553818,2.7004238930117106,6.580191856291464,-1.0
1986-04-01,6.198333333333333,14.451666666666668,5.689646428571427,14.57570714285714,1.7386481071163886,2.679356248579835,6.335125881231467,-1.0
1986-05-01,4.273333333333333,14.985,5.729275595238094,14.55340714285714,1.7455890995649486,2.677825134098441,6.124119239876353,-1.0
1986-06-01,3.9699999999999998,13.884999999999998,5.899338095238094,14.815469642857138,1.774840157370433,2.695671881019679,5.931250705227985,-1.0
1986-07-01,3.9859375,11.967187499999998,6.07320476190476,14.887336309523809,1.803886433110545,2.7005109394588427,5.75652027728636,-1.0
1986-08-01,4.125,11.766666666666666,6.38402976190476,15.026152976190472,1.8537995220891408,2.7097922146611824,5.590133378429837,-1.0
1986-09-01,3.696666666666667,11.71,6.938175595238094,15.552494642857138,1.9370388574285098,2.7442210529515623,5.45288837101548,-1.0
1986-10-01,6.0421875,14.923437499999999,7.241508928571428,15.780561309523808,1.9798296002306615,2.758778885730839,5.333781470307866,-1.0
1986-11-01,5.5,11.725,7.459775595238094,16.099427976190473,2.0095253326959455,2.778783741930069,5.226726333834288,-1.0
1986-12-01,5.0633333333333335,11.715,7.599225595238095,16.325152976190477,2.0280463467371916,2.7927070457887573,5.145104853653945,-1.0
1987-01-01,3.9093750000000003,9.1453125,7.82789226190476,16.685298809523808,2.057693286269055,2.814528020914645,5.0816214801803445,-1.0
1987-02-01,3.308928571428571,8.946428571428571,8.236425595238096,17.193165476190476,2.10856646282292,2.844511948817141,5.033898106089714,-1.0
1987-03-01,3.465,8.551666666666666,8.91211130952381,18.061565476190474,2.187411172954755,2.893786226191781,5.009069053353372,-1.0
1987-04-01,4.011666666666667,9.1,9.502561309523808,18.83706964285714,2.25156137379666,2.935826717924274,5.0,-1.0
1987-05-01,6.714062499999999,15.6625,10.313065476190474,19.905815476190472,2.3334115842123015,2.9910119240225668,5.081602247819323,-1.0
1987-06-01,9.7,22.6,11.38033214285714,21.114215476190477,2.4318866148150726,3.0499465328858215,5.348532267352752,-1.0
1987-07-01,10.871666666666666,19.221666666666668,12.457865476190477,22.285815476190475,2.522352188586984,3.1039503987822057,5.767423806158609,-1.0
1987-08-01,14.815625,22.16875,13.910177976190477,23.861502976190472,2.6326208006910594,3.1722664061440002,6.349519840603112,-1.0
1987-09-01,20.658333333333335,32.38666666666666,15.423977976190475,25.5626363095238,2.735923309974955,3.2411317661907124,7.1503098992034,-1.0
1987-10-01,15.533333333333335,23.351666666666667,16.71711130952381,27.07056964285714,2.816432824161197,3.2984471467316268,8.069695224634437,-1.0
1987-11-01,13.945,26.5,17.81902380952381,28.50683214285714,2.880266639931815,3.3501437828561005,9.15228504570412,-1.0
1987-12-01,10.90625,23.578125,19.18489880952381,30.307582142857136,2.954123449227034,3.4113979169494426,10.39807936241245,-0.999
1988-01-01,12.616666666666667,25.858333333333334,20.774365476190475,32.30598214285714,3.0337197976127634,3.4752524187413716,11.906814255427484,-0.999
1988-02-01,17.113333333333333,31.115,22.982490476190474,34.75566964285713,3.134732642361712,3.548342713892574,13.489897863122346,-0.999
1988-03-01,24.585,40.085,25.23532083333333,37.06099999999999,3.228244633534799,3.612565203763544,15.236185966455855,-0.998
1988-04-01,22.555,35.52666666666667,27.533720833333327,39.43093333333333,3.3154114656096656,3.6745506182493433,17.14567856542801,-0.998
1988-05-01,26.4609375,41.1703125,29.91892083333333,41.79713333333333,3.3984910840511615,3.7328277566366928,19.21837566003881,-0.997
1988-06-01,30.955000000000002,45.195,32.62655833333333,43.84343333333333,3.4851266295085312,3.780624954658452,21.609140182816482,-0.995
1988-07-01,30.90833333333333,43.175,35.16149583333333,45.62449583333333,3.5599516155221855,3.820444761613291,24.01912656841381,-0.994
1988-08-01,40.29375,51.359375,37.54842916666666,47.77662916666666,3.6256315442237077,3.8665365903647317,26.592317449649794,-0.991
1988-09-01,41.97,54.295,39.5097375,49.41327916666666,3.6765471605136053,3.9002191971130347,29.516942011494326,-0.987
1988-10-01,36.025000000000006,49.40833333333334,41.43221666666666,50.637062500000006,3.724058758560192,3.924683768649471,32.42742218371684,-0.983
1988-11-01,33.59,50.83,43.76221666666666,52.36819583333333,3.7787708119191605,3.958299457312888,35.501106851578,-0.976
1988-12-01,39.646875,56.743750000000006,46.104416666666665,54.09419583333332,3.830908751631846,3.990726894206566,38.737996015077805,-0.966
1989-01-01,44.800000000000004,61.675000000000004,48.65291666666666,55.96069583333333,3.8847117588733315,4.024649584196981,42.37056541133708,-0.952
1989-02-01,59.1125,70.3875,51.122678571428565,57.792148214285696,3.934228206416218,4.056852922407194,45.94474386582342,-0.934
1989-03-01,59.629687499999996,66.5796875,53.34254523809523,59.534548214285714,3.9767342348650656,4.086556786300997,49.42789047940909,-0.911
1989-04-01,60.925,67.8,55.00714523809522,60.838348214285716,4.007463090214366,4.10822031735596,53.58271426171204,-0.875
1989-05-01,63.641666666666666,68.255,56.75382023809523,62.33165654761904,4.038722971066668,4.13246942751908,57.64650620311431,-0.83
1989-06-01,74.405,66.82,58.31238273809523,63.61124404761904,4.065814467683272,4.1527902479215575,61.87350264015524,-0.771
1989-07-01,73.0734375,67.1265625,59.89878273809522,64.73864404761903,4.092656183347225,4.1703583036945595,66.2637035728348,-0.694
1989-08-01,70.545,73.025,61.510824404761884,65.65826904761903,4.119213165906625,4.184463549368644,70.0,-0.59
1989-09-01,63.84833333333333,63.08500000000001,62.75147440476189,66.56189404761903,4.139182074226085,4.198132252352358,70.0,-0.471
1989-10-01,68.7203125,62.98125,63.91720773809522,67.38382738095237,4.157588616806976,4.210405039288191,70.0,-0.331
1989-11-01,73.78333333333335,66.63,65.08734107142857,68.33609404761904,4.175730076718087,4.224438090351076,70.0,-0.165
1989-12-01,72.49999999999999,69.64999999999999,65.92374107142855,68.91858154761904,4.188498635681261,4.232925830304856,70.0,-0.0
1990-01-01,74.61875,70.24062500000001,66.46966607142856,69.15763154761903,4.196745694292241,4.236388414242839,70.0,0.165
1990-02-01,74.36071428571428,71.64464285714286,67.17709464285713,69.3192744047619,4.2073323358964245,4.23872299746374,70.0,0.331
1990-03-01,72.61,74.67500000000001,67.20396964285712,69.0873994047619,4.207732317850744,4.235372361102767,70.0,0.462
1990-04-01,66.2,72.68,67.0266488095238,68.94607857142856,4.205090283737746,4.233324729111126,70.0,0.583
1990-05-01,66.221875,72.859375,66.5756488095238,68.67194523809523,4.198338877195487,4.229340749566385,70.0,0.682
1990-06-01,65.425,73.16,66.0016488095238,68.48007857142856,4.189679723676863,4.226542879195979,68.74513616967789,0.766
1990-07-01,70.615,73.38,65.03576130952379,68.36534107142856,4.174937292598088,4.224865986725834,67.14423391890868,0.827
1990-08-01,71.209375,66.16562499999999,63.911423809523804,68.07647857142855,4.157498121766775,4.220631758065834,65.56369074720817,0.873
1990-09-01,71.31,73.94999999999999,62.731290476190466,67.45914523809523,4.138860373811456,4.211522158905369,63.90021826010115,0.909
1990-10-01,71.11333333333333,74.84333333333333,61.802857142857135,67.14168273809523,4.123949595480042,4.206805054361068,62.36175051847595,0.934
1990-11-01,65.27833333333334,73.215,60.60317797619047,66.78183273809523,4.104347333551571,4.2014310785548385,60.843641855919465,0.952
1990-12-01,54.5,65.3921875,58.93664464285714,66.13396607142857,4.076463047335779,4.19168247374922,59.3458922724317,0.966
1991-01-01,53.295,62.72,57.15151964285714,65.18046607142857,4.045705980313497,4.177159823912058,57.77073294608492,0.976
1991-02-01,62.48571428571429,65.71607142857144,55.07684107142857,64.04312678571428,4.008729320571424,4.159556712447428,56.31505879267245,0.983
1991-03-01,59.784375,64.590625,53.08497499999999,62.90552857142856,3.971893931522598,4.141634054461195,54.974797996380595,0.987
1991-04-01,55.196666666666665,63.04666666666667,51.13544166666666,61.650328571428574,3.934477831488039,4.121478559221918,53.464787723053675,0.991
1991-05-01,49.650000000000006,60.946666666666665,49.09744166666666,60.0864619047619,3.8938069288944455,4.095784556678278,52.07019080684734,0.994
1991-06-01,49.291666666666664,63.45833333333333,46.938500000000005,58.30208690476189,3.8488382342241714,4.065637888680827,50.695952969709715,0.995
1991-07-01,50.2578125,63.9515625,44.986062499999996,56.844311904761895,3.806352719574264,4.040316160745064,49.34207421164078,0.997
1991-08-01,44.965,59.905,42.82546249999999,55.4951119047619,3.757132843918358,4.016294943085591,47.92037709907411,0.998
1991-09-01,41.04166666666667,57.59166666666667,40.6192875,54.1326869047619,3.704243015378016,3.9914381975736717,46.60857377108052,0.998
1991-10-01,40.6375,55.1484375,38.420512499999994,52.470061904761906,3.6485914966580006,3.960242757510425,45.317129522155625,0.999
1991-11-01,38.72833333333333,53.985,36.25957916666666,50.81112857142857,3.590703599265606,3.9281153969596074,43.9620292193426,0.999
1991-12-01,32.12,50.43333333333334,34.419312500000004,49.235461904761905,3.538617816731502,3.89661413429,42.71266040049301,0.999
1992-01-01,27.871875,45.8125,33.1449375,48.057649404761904,3.5008899900376322,3.872401319515079,41.48365066071215,1.0
1992-02-01,22.751785714285717,41.807142857142864,31.832994642857134,46.96370654761904,3.4605033192705763,3.8493751022947142,40.19514716765275,1.0
1992-03-01,24.5640625,43.2046875,30.157566071428572,45.7736636904762,3.4064358393338403,3.823708897135569,39.08670841835655,1.0
1992-04-01,23.871666666666666,43.295,28.584257738095236,44.62710535714285,3.352856137546369,3.7983414178584636,37.84163762731037,1.0
1992-05-01,15.25,33.583333333333336,27.196516071428565,43.51011369047619,3.3030888794890454,3.7729934097026567,36.69542147574225,1.0
1992-06-01,12.248333333333335,28.25,25.964782738095234,42.52311369047618,3.256741109770238,3.7500477796373355,35.56956440324283,1.0
1992-07-01,16.6140625,36.715625,24.603516071428565,41.359180357142854,3.2028893624577046,3.7222944127200286,34.46406640981212,1.0
1992-08-01,16.6,39.650000000000006,23.26101607142857,40.17443035714286,3.146778829344886,3.693230732484916,33.307308779526196,1.0
1992-09-01,16.055,32.105,22.102816071428567,39.05329702380952,3.0957050244524944,3.664927303549002,32.2438862161708,1.0
1992-10-01,16.340625000000003,32.384375,21.108149404761903,37.93496369047619,3.0496591936291306,3.6358732116385637,31.20082273188412,1.0
1992-11-01,17.09,33.37,20.11498273809524,36.938892857142854,3.00146494724057,3.609265002939779,30.11066191135184,1.0
1992-12-01,19.27166666666667,33.82333333333334,19.2822244047619,36.166492857142856,2.9591836562183373,3.5881330785075716,29.109673857140468,1.0
1993-01-01,22.640625,35.946875,18.7224244047619,35.66815952380952,2.9297219714652885,3.5742584007256104,28.129044881997817,1.0
1993-02-01,20.496428571428574,35.371428571428574,18.317906547619042,35.2623738095238,2.9078790812983337,3.562816497719054,27.105480871219168,1.0
1993-03-01,20.6,35.965,18.109085119047617,35.01983809523809,2.89641375262077,3.555914703638512,26.228864168918633,1.0
1993-04-01,20.451666666666668,35.92666666666667,17.819189285714284,34.71998392857142,2.880275926378923,3.5473154269052745,25.309312430982096,1.0
1993-05-01,20.503125,35.121874999999996,17.543522619047618,34.34151726190475,2.864684800248773,3.5363550380082565,24.410119772114268,1.0
1993-06-01,18.856666666666666,36.27166666666666,17.505789285714282,34.17405059523809,2.862531642548343,3.531466601543453,23.473421165362083,1.0
1993-07-01,15.26,34.36000000000001,17.47191845238095,34.03492559523809,2.860594932219926,3.5273872207725976,22.61630393656958,1.0
1993-08-01,16.6953125,34.3328125,17.21615595238095,33.48090059523809,2.845848242510659,3.5109751447588353,21.77954578684578,1.0
1993-09-01,16.01,31.87666666666667,16.98788928571428,32.86916726190476,2.832500695224365,3.4925350530657284,20.909443989847226,1.0
1993-10-01,16.175,29.633333333333333,16.779626785714285,32.56202976190475,2.820165459177545,3.483146878316176,20.114761270198755,1.0
1993-11-01,15.808333333333334,30.24666666666667,16.554001785714284,32.191788095238095,2.8066278723352704,3.4717113919269713,19.34043762961899,1.0
1993-12-01,17.909375,34.675,16.23806845238095,31.783854761904756,2.787358389998616,3.458958448967021,18.586473068107924,1.0
1994-01-01,18.125,37.974999999999994,15.849451785714281,31.305983928571422,2.7631349120730273,3.4438092591001364,17.804684431869624,1.0
1994-02-01,17.758928571428573,35.667857142857144,15.27946964285714,30.69325178571428,2.726510073898897,3.4240428188908028,17.092795300433885,1.0
1994-03-01,17.53125,35.743750000000006,14.811812499999998,30.1280613095238,2.6954250043161,3.405457006880988,16.44673385798697,1.0
1994-04-01,17.316666666666666,35.70833333333333,14.428479166666664,29.71712797619047,2.669203973376063,3.3917235791164155,15.730094274768527,1.0
1994-05-01,16.98,33.833333333333336,14.014287499999998,29.267186309523805,2.6400773449369948,3.3764669672660346,15.079282380538906,1.0
1994-06-01,14.306666666666668,29.396666666666665,13.602362499999998,28.86331130952381,2.6102434908909036,3.362571283753677,14.448829565377991,1.0
1994-07-01,11.4015625,24.771875,13.25109583333333,28.33044464285714,2.584080253414926,3.3439370088430542,13.838735829285781,1.0
1994-08-01,10.22,22.865000000000002,12.93494583333333,27.72510714285714,2.559932628024534,3.322338397714343,13.210409406827592,1.0
1994-09-01,10.893333333333334,24.35666666666667,12.550799999999999,27.15379464285714,2.5297844085660857,3.3015168024646995,12.642391100810707,1.0
1994-10-01,10.8484375,24.4265625,12.142800000000001,26.606927976190473,2.4967364015415776,3.2811716321091042,12.094731873862528,1.0
1994-11-01,10.7,23.128333333333334,11.708933333333334,26.073861309523807,2.460352083224393,3.260933330116362,11.533002261157971,1.0
1994-12-01,9.191666666666666,23.171666666666663,11.275412499999998,25.364119642857137,2.4226244700853674,3.2333355628609266,11.027418464285116,1.0
1995-01-01,9.55625,21.876562500000002,10.705904166666667,24.36511964285714,2.370795380564291,3.193152586722861,10.542193746480969,1.0
1995-02-01,8.39107142857143,20.628571428571426,10.095970833333332,23.21438630952381,2.3121364168617737,3.1447721860384235,10.04706094353005,1.0
1995-03-01,8.805,21.241666666666667,9.544080357142855,22.291272023809523,2.255921104410511,3.1041952127865438,9.632821548078788,1.0
1995-04-01,11.016666666666666,25.69166666666667,9.039163690476189,21.43025535714285,2.2015666580091096,3.064803725286767,9.208674067480754,1.0
1995-05-01,10.096875,24.678125,8.518372023809523,20.47823452380952,2.142225245566024,3.0193625915633384,8.804885665951426,1.0
1995-06-01,10.205,25.025,8.038972023809523,19.680701190476185,2.084301217281244,2.9796385205867555,8.39661826702698,1.0
1995-07-01,10.075,22.950000000000003,7.724572023809523,19.256434523809517,2.0444064198004868,2.9578452658581567,8.03490529557298,1.0
1995-08-01,7.356249999999999,19.226562500000004,7.597509523809524,19.135247023809523,2.027820499353208,2.9515320283218807,7.693551403187682,1.0
1995-09-01,7.091666666666667,20.049999999999997,7.574242857142855,19.228247023809516,2.0247533935473854,2.956380397037267,7.351880814016869,1.0
1995-10-01,5.8100000000000005,18.205,7.457109523809523,19.146380357142853,2.0091678758360607,2.952113682468212,7.0526023517068985,1.0
1995-11-01,5.328333333333333,16.30666666666667,7.294905357142856,18.858651190476188,1.9871762082295699,2.9369717577059755,6.773682968465632,1.0
1995-12-01,4.9703125,12.503125,7.233592857142857,18.837142857142855,1.978735850102349,2.93583060462984,6.515122664293071,1.0
1996-01-01,3.671666666666667,9.7,7.209726190476189,18.92427619047619,1.9754309742201468,2.9404455523821307,6.261765235882511,1.0
1996-02-01,2.876666666666667,9.206666666666667,7.029761904761904,18.72214226190476,1.9501528367941032,2.9297069015695865,6.0452803617852755,1.0
1996-03-01,3.961666666666667,12.59,6.807744047619047,18.4184369047619,1.9180607947386927,2.9133521686359076,5.849154566756745,1.0
1996-04-01,4.908333333333333,14.218333333333332,6.617144047619047,18.171836904761903,1.8896638641172974,2.8998729727722394,5.673387850796921,1.0
1996-05-01,4.296875000000001,11.9078125,6.365477380952381,17.67157023809523,1.850889230132114,2.871957147018082,5.517980213905801,1.0
1996-06-01,4.995,13.895,6.139269047619046,17.203445238095238,1.814705687453273,2.845109668301552,5.374652297262113,1.0
1996-07-01,6.446666666666667,18.79,5.9688815476190475,16.888132738095234,1.7865595643957124,2.8266111704212906,5.261320090446318,1.0
1996-08-01,8.225000000000001,21.7421875,6.0344815476190465,17.166666071428565,1.7974899432567477,2.842969484327516,5.16834696269923,1.0
1996-09-01,9.638333333333334,25.189999999999998,6.257231547619046,17.754603571428568,1.8337378425036495,2.8766448384312566,5.091615855809175,1.0
1996-10-01,7.965,22.310000000000002,6.324877380952381,17.843103571428568,1.8444906480149743,2.881617079029686,5.040718158137411,1.0
1996-11-01,6.793333333333333,17.233333333333334,6.251677380952381,17.71310357142857,1.8328498086929657,2.8743046804519516,5.010179539534353,1.0
1996-12-01,9.1671875,22.590625,6.327344047619047,18.11530357142857,1.844880566372291,2.8967570822209003,5.0,1.0
1997-01-01,8.595000000000002,25.35,6.6067190476190465,18.779553571428572,1.888087168701653,2.9327687020081443,5.0548328625716845,1.0
1997-02-01,5.057142857142857,16.823214285714286,7.134352380952381,19.72298214285714,1.9649214802994432,2.9817845620240666,5.205837425513236,1.0
1997-03-01,2.840625,13.0359375,7.9991523809523795,20.963648809523807,2.079335583685533,3.0427899287257523,5.433736510576798,1.0
1997-04-01,4.04,15.076666666666666,9.214285714285712,22.55144880952381,2.220755074746413,3.115799312644195,5.797004225114206,1.0
1997-05-01,4.7250000000000005,13.184999999999999,10.105014880952378,23.723902976190473,2.3130318234870955,3.16648310427795,6.237166461773624,1.0
1997-06-01,4.441666666666666,12.975000000000001,11.082606547619047,25.064257142857137,2.405376901632729,3.2214428130473562,6.7737145896723305,1.0
1997-07-01,5.9453125,17.1421875,12.01013988095238,26.456190476190468,2.4857512830642308,3.275490175388623,7.4066486088103245,1.0
1997-08-01,11.715,29.913333333333334,12.418148214285713,27.393840476190473,2.5191589683108133,3.310318187983652,8.188016900456823,1.0
1997-09-01,12.924999999999999,33.925000000000004,12.870081547619048,28.31281964285714,2.5549053578442975,3.343314692993462,9.020148428156016,1.0
1997-10-01,8.7828125,22.262500000000003,13.313348214285714,28.91281964285714,2.5887671570669855,3.36428508302112,9.948665847094496,1.0
1997-11-01,3.98,14.955,14.36641488095238,30.021086309523806,2.664893182600246,3.4019000117439426,11.04532309852818,1.0
1997-12-01,7.22,26.361666666666665,15.999056547619045,31.878002976190466,2.772529754727422,3.4619162100587513,12.173038026027854,1.0
1998-01-01,11.9546875,29.109375,17.438769047619044,33.507911309523806,2.8586958338578623,3.511781569443241,13.39713884476682,1.0
1998-02-01,16.8625,33.285714285714285,19.029254761904763,35.12012559523809,2.945977519317105,3.5587743449347267,14.809085055987687,1.0
1998-03-01,24.496666666666663,40.223333333333336,20.767469047619045,36.94957202380952,3.033387774305953,3.6095540647509354,16.13449815596261,1.0
1998-04-01,34.34,52.285000000000004,22.51891071428571,38.88353452380952,3.1143554323985168,3.6605708839945037,17.647756648419445,1.0
1998-05-01,27.176562500000003,43.5296875,24.363510714285713,41.100467857142846,3.1930865504497206,3.7160195048228695,19.257401032115563,0.999
1998-06-01,28.736666666666665,45.41666666666667,26.50711071428571,43.37793452380952,3.277413025839402,3.7699508907061423,21.08059371262406,0.999
1998-07-01,28.183333333333334,48.693333333333335,29.20706904761904,45.84087202380952,3.374410770646903,3.825176095432559,22.889435604881374,0.999
1998-08-01,16.646875,42.23125,31.90285654761904,48.09005119047618,3.4626955527290155,3.873075319761373,24.794663388377984,0.998
1998-09-01,19.523333333333333,44.71666666666667,34.335856547619045,49.73991785714285,3.5361901885393694,3.9068077869292397,26.93314502867366,0.998
1998-10-01,20.72,40.190000000000005,36.38329404761904,51.26610535714285,3.594109714554994,3.9370298195231346,29.03757032073146,0.997
1998-11-01,34.29166666666667,50.016666666666666,38.68318154761904,53.35113869047618,3.655404920243321,3.9768953212964857,31.238381504028553,0.995
1998-12-01,47.609375,63.65625,41.36738154761904,55.740805357142854,3.7224926849632896,4.0207124704091095,33.53557857856493,0.994
1999-01-01,45.16,63.33833333333334,44.03795654761904,57.65790119047618,3.7850519108601457,4.054527291798831,36.092160795969704,0.991
1999-02-01,48.357142857142854,65.65535714285714,46.53976904761903,59.41352619047618,3.840307195412736,4.084521914090163,38.58855537906728,0.987
1999-03-01,48.5125,62.559375,48.833456547619036,60.95222261904761,3.8884156629452633,4.110090321530616,41.00548514960979,0.983
1999-04-01,46.626666666666665,61.385000000000005,50.78092321428571,62.19962261904762,3.9275207567785704,4.130348932508844,43.87050221898029,0.976
1999-05-01,50.154999999999994,70.49999999999999,52.11332321428571,63.00682261904762,3.9534206399501857,4.143243016068432,46.65605447579572,0.966
1999-06-01,58.315000000000005,70.12166666666667,53.81939404761904,64.12476845238093,3.9856338863654237,4.160830692605365,49.53799262385045,0.953
1999-07-01,71.940625,74.5484375,55.139802380952375,65.05753928571428,4.009871821638419,4.175272098099898,52.516316663144465,0.935
1999-08-01,73.34,73.37166666666667,56.30166904761903,65.67153928571427,4.030724180312244,4.184665639637545,55.79943430962407,0.909
1999-09-01,72.54,71.16000000000001,58.150594047619045,66.67535595238094,4.0630360946927,4.1998354086722145,58.97695585747927,0.875
1999-10-01,64.1109375,72.0796875,59.3242232142857,67.40087678571427,4.083017708503035,4.210658026523772,62.250863296573776,0.83
1999-11-01,66.28,74.38833333333334,60.39508988095237,68.30767678571428,4.100907808274569,4.224022158294443,65.84926990284055,0.766
1999-12-01,71.08500000000001,74.69666666666667,61.167423214285705,68.84701011904761,4.113614747375949,4.231886798219347,69.32237485049625,0.688
2000-01-01,73.984375,74.2890625,60.680610714285706,68.41619761904761,4.1056242189367005,4.2256096038901,70.0,0.59
2000-02-01,74.5,73.0,59.63699642857142,67.89130714285714,4.088276126934372,4.217908001963188,70.0,0.462
2000-03-01,74.2046875,71.753125,58.255844047619036,67.04755952380951,4.064844414411145,4.20540221121008,70.0,0.331
2000-04-01,73.18333333333334,71.40833333333335,57.620344047619035,66.62818452380951,4.053875700614243,4.199127679074458,70.0,0.165
2000-05-01,67.65,72.465,57.69358988095237,66.80334702380952,4.055146073425031,4.201753184434228,70.0,0.0
2000-06-01,69.82833333333335,71.47833333333334,57.56805654761904,66.43101369047619,4.052967840042846,4.196164021089193,70.0,-0.165
2000-07-01,61.746875,68.7359375,57.131656547619045,66.1371470238095,4.045358368423449,4.191730571210671,70.0,-0.322
2000-08-01,57.23,64.04333333333334,55.60878154761903,65.4448345238095,4.01834113028903,4.181207566763284,70.0,-0.471
2000-09-01,62.87,67.32666666666665,53.818848214285715,64.46830119047618,3.985623744369013,4.166173648587204,70.0,-0.59
2000-10-01,48.8640625,62.854687500000004,52.20298154761903,63.46016785714286,3.955139611027915,4.15041243123732,70.0,-0.688
2000-11-01,47.49166666666666,62.86,51.24434404761904,62.710713690476176,3.9366052518819417,4.1385323052982725,70.0,-0.771
2000-12-01,53.599999999999994,63.5,50.15901904761904,62.137305357142864,3.91519833966651,4.129346538961938,70.0,-0.83
2001-01-01,35.4390625,52.8859375,48.91655238095237,61.428305357142854,3.890115833702492,4.117870728227565,69.35916470295052,-0.875
2001-02-01,19.06964285714286,50.216071428571425,47.92167738095237,60.93145714285713,3.8695679569707107,4.109749579005744,68.03901178684154,-0.911
2001-03-01,13.828333333333335,44.56166666666667,46.67905238095237,60.37183214285714,3.8432955068899437,4.100522640912629,66.89510014005444,-0.934
2001-04-01,32.625,52.075,45.546731547619046,59.80784047619047,3.818738865865113,4.091136764004187,65.68110346454819,-0.952
2001-05-01,48.4578125,65.76406250000001,44.32639821428572,59.19164047619047,3.7915803960602856,4.080780323746689,64.47913052633652,-0.966
2001-06-01,47.016666666666666,61.19166666666666,43.12906488095237,58.53137380952379,3.764197129018548,4.069562914914288,63.21027888935094,-0.976
2001-07-01,47.404999999999994,62.775,41.96693154761903,57.941552976190465,3.7368819640609,4.059434795160992,62.033155008214656,-0.983
2001-08-01,33.86875,57.240625,41.04838988095237,57.2600488095238,3.7147516117662667,4.047603152088813,60.868054864372915,-0.987
2001-09-01,28.59166666666667,48.95833333333334,40.79418988095238,57.04131547619047,3.7085396663909607,4.043775838185664,59.63853420804862,-0.991
2001-10-01,32.14333333333333,45.95666666666666,40.16688988095237,56.6976863095238,3.6930430214492924,4.037733404072622,58.498283121282284,-0.994
2001-11-01,40.145,53.343333333333334,39.77492738095238,56.354165476190474,3.683236748476172,4.03165615924779,57.370055771810506,-0.995
2001-12-01,39.146875,60.053125,39.71666071428571,56.204765476190474,3.681770765005519,4.029001548254765,56.25385215963325,-0.997
2002-01-01,40.02333333333333,56.971666666666664,39.59772321428571,56.10570297619046,3.6787716220188127,4.027237464691493,55.076487803751085,-0.998
2002-02-01,49.1125,61.86785714285714,40.12466071428571,56.383265476190466,3.691991125695694,4.032172403061409,53.985133248649255,-0.998
2002-03-01,43.43437500000001,59.009375,41.04887499999999,56.539289285714275,3.7147634299199734,4.034935782071729,52.977383746868846,-0.999
2002-04-01,45.896666666666675,57.65333333333333,42.08074166666666,56.8548226190476,3.7395901934325613,4.040501047188742,51.83849535032922,-0.999
2002-05-01,42.675,56.00333333333333,42.428616666666656,57.01594761904761,3.7478230559645507,4.043331011492953,50.78321200711104,-0.999
2002-06-01,37.71666666666667,55.958333333333336,42.174304166666666,56.710385119047615,3.741811129580258,4.0379573530282284,49.73995240118738,-1.0
2002-07-01,40.775,56.7328125,42.03017083333332,56.689651785714275,3.738387713565827,4.037591685888599,48.7087165325583,-1.0
2002-08-01,38.78333333333334,51.69833333333334,41.702408333333324,56.52121428571429,3.7305588809340318,4.03461604176308,47.621984436460814,-1.0
2002-09-01,50.87499999999999,58.574999999999996,41.77405833333332,56.4727226190476,3.732275532835016,4.033757736070369,46.615597624907124,-1.0
2002-10-01,47.1875,58.735937500000006,42.053724999999986,56.762655952380946,3.7389479675133717,4.038878643874705,45.62123455064796,-1.0
2002-11-01,39.065000000000005,54.266666666666666,42.518991666666665,57.33805595238095,3.7499508388620466,4.048964556015475,44.57383343521176,-1.0
2002-12-01,46.035,59.125,42.66925416666666,57.529822619047614,3.7534786179439523,4.052303467592987,43.60431941802801,-1.0
2003-01-01,50.6265625,61.0234375,43.02451249999999,57.56383095238094,3.7617700114116794,4.052894435613687,42.64682913813881,-1.0
2003-02-01,48.6125,59.825,43.07457916666666,57.529964285714286,3.7629330125848797,4.052305930080889,41.63875900336387,-1.0
2003-03-01,42.175,54.11666666666667,42.431212499999994,57.09584999999999,3.74788423528484,4.044731434511049,40.76791979024405,-1.0
2003-04-01,39.625,52.45,42.123037499999995,56.855875000000005,3.7405948000502005,4.040519556985523,39.84650072223851,-1.0
2003-05-01,41.321875,56.103125000000006,41.611483333333325,56.59974166666667,3.728376170841393,4.036004421005553,38.93710539152751,-1.0
2003-06-01,42.1,58.12500000000001,41.11455,56.301341666666666,3.716362073452346,4.030718365530734,37.98033653587597,-1.0
2003-07-01,43.413333333333334,60.67333333333333,40.88688333333334,55.99280833333333,3.710809310716731,4.025223259869211,37.09579026224037,-1.0
2003-08-01,39.21093750000001,58.5640625,40.484695833333326,55.48537083333333,3.7009240220391697,4.0161193974182225,36.22326772589931,-1.0
2003-09-01,35.660000000000004,56.028333333333336,39.91042916666666,55.0396375,3.6866376723645558,4.0080536074842135,35.30582985090907,-1.0
2003-10-01,35.58333333333333,56.20666666666666,38.80889583333333,54.242437499999994,3.6586494944049313,3.993463581781698,34.4581563716434,-1.0
2003-11-01,43.775000000000006,60.34166666666667,38.154395833333325,53.724,3.641640976081655,3.983859829046829,33.6225066296723,-1.0
2003-12-01,43.9015625,58.137499999999996,38.01060833333333,53.62158333333333,3.6378652874332893,3.9819516611546395,32.79888062499574,-1.0
2004-01-01,48.028333333333336,60.903333333333336,37.486875,53.114249999999984,3.6239908717120697,3.9724452538272854,31.933599050447626,-1.0
2004-02-01,41.275,56.12500000000001,37.087169642857134,52.50852678571429,3.613271078070888,3.960975571375682,31.134822102846453,-1.0
2004-03-01,33.02833333333333,51.015,36.60479464285714,51.94627678571428,3.6001792329983764,3.950210045789472,30.348068892539843,-1.0
2004-04-01,35.73,53.01,36.082994642857145,51.524210119047616,3.585821691829296,3.9420517966065685,29.573339419527784,-1.0
2004-05-01,33.1078125,51.25,35.391994642857135,51.050410119047605,3.5664856545339316,3.932813578252207,28.81063368381027,-1.0
2004-06-01,30.251666666666665,48.54333333333334,34.588719642857136,50.3512851190476,3.543527607024249,3.9190241425537944,28.010333729485126,-1.0
2004-07-01,32.025,48.245000000000005,33.80246964285713,49.56791011904761,3.5205338661764767,3.9033436509469768,27.27247705084301,-1.0
2004-08-01,30.7203125,44.046875,32.81460297619047,48.551043452380945,3.4908736290010687,3.8826156868314223,26.546644109495446,-1.0
2004-09-01,24.42666666666667,40.555,32.058298809523805,47.85668095238094,3.467556083063731,3.868210730981881,25.785675135831593,-1.0
2004-10-01,23.336666666666666,38.645,31.529586309523804,47.27504761904762,3.450926352935652,3.8559826218215942,25.084691251559427,-1.0
2004-11-01,30.824999999999996,45.775,31.0263863095238,46.68478095238095,3.4348380137192627,3.8434182218906296,24.395731104581795,-1.0
2004-12-01,35.47031249999999,51.706250000000004,30.165186309523804,45.93911428571428,3.4066884882212003,3.8273169172691364,23.71879469489873,-1.0
2005-01-01,32.94166666666667,46.44166666666666,28.996186309523807,44.964301785714284,3.3671643147705828,3.8058688812956083,23.009982021677008,-1.0
2005-02-01,40.63392857142857,45.880357142857136,27.610124404761898,43.86023988095238,3.31818253171829,3.7810082122167463,22.357894669069335,-1.0
2005-03-01,36.553125,45.76875,26.6607244047619,43.032306547619044,3.2831914863529756,3.7619511486585964,21.760127889616804,-1.0
2005-04-01,29.130000000000003,43.565,26.048657738095233,42.54010654761903,3.2599662405031418,3.750447314414442,21.08979117573763,-1.0
2005-05-01,22.35,40.605000000000004,25.170332738095233,41.90164404761904,3.2256660286901693,3.735325063571667,20.47377503501361,-1.0
2005-06-01,21.240000000000002,38.625,24.44235357142857,41.24157738095237,3.1963174296434684,3.71944690722797,19.86978263158413,-1.0
2005-07-01,22.44375,38.540625,23.9122869047619,40.67364404761904,3.1743924232687193,3.7055803162893017,19.277813965449205,-1.0
2005-08-01,18.71666666666667,35.251666666666665,23.376099404761902,40.190531547619045,3.151714107427515,3.693631434241254,18.659633552012153,-1.0
2005-09-01,20.303333333333338,41.205000000000005,22.779686904761903,39.74585654761904,3.1258692136208905,3.682505597871457,18.09251394295263,-1.0
2005-10-01,22.4421875,41.4875,22.240686904761905,39.241189880952376,3.1019233549109,3.6697269574013482,17.537418071187645,-1.0
2005-11-01,23.003333333333334,41.449999999999996,21.75862023809524,38.88018988095238,3.0800100118015883,3.660484863349664,16.958568638411876,-1.0
2005-12-01,22.245,41.699999999999996,21.122870238095235,38.341252380952376,3.0503563510292624,3.6465264022105663,16.428321823722296,-1.0
2006-01-01,14.6765625,33.7671875,20.34665773809523,37.584669047619045,3.0129166594856773,3.626596229152831,15.910098746327263,-1.0
2006-02-01,13.376785714285715,33.301785714285714,19.55999107142857,37.017502380952365,2.9734862081356352,3.611390838120377,15.370580294212779,-1.0
2006-03-01,17.540000000000003,35.42666666666667,18.40082142857143,36.38303809523809,2.91239530647562,3.5941026796427367,14.909723803420846,-1.0
2006-04-01,17.726666666666667,38.71,17.482696428571426,35.878088095238084,2.8612116162582857,3.5801267496849465,14.42757193790945,-1.0
2006-05-01,13.771875,37.0484375,16.884163095238094,35.42388809523809,2.826376087624728,3.5673863975114717,13.957443809692613,-1.0
2006-06-01,14.908333333333335,34.74833333333334,16.595963095238094,35.118688095238085,2.809159478753886,3.558733413150015,13.469226636701533,-1.0
2006-07-01,17.0,34.345,16.300238095238093,34.822875595238095,2.791179714775856,3.550274515514791,13.023947565560094,-1.0
2006-08-01,18.620312499999997,36.1671875,15.996154761904759,34.52038392857143,2.772348365975576,3.54154998807028,12.590692231713199,-1.0
2006-09-01,15.809999999999999,32.93,15.841221428571423,34.32258392857142,2.7626154938030365,3.535803561079704,12.141806039383397,-1.0
2006-10-01,10.951666666666668,27.938333333333336,15.629588095238095,33.844946428571426,2.7491657906144753,3.5217896951131498,11.733399762611906,-1.0
2006-11-01,11.285,29.620000000000005,15.324767261904759,33.399046428571424,2.729470294881816,3.5085273495323226,11.337017223134964,-1.0
2006-12-01,14.931250000000002,32.3015625,15.009967261904759,32.97571309523809,2.7087144645573664,3.4957713236989885,10.952658420952563,-1.0
2007-01-01,16.064999999999998,32.79166666666667,14.861104761904759,32.645463095238085,2.69874738120349,3.4857058903317637,10.555928529064891,-1.0
2007-02-01,13.275,32.2625,15.09147083333333,32.709918452380954,2.714129738760963,3.487678348498605,10.196418783957899,-1.0
2007-03-01,11.6546875,30.01875,15.304149404761901,32.79272202380952,2.7281239945551383,3.490206601250974,9.871724438172674,-1.0
2007-04-01,13.599999999999998,33.144999999999996,15.2735494047619,32.80145535714285,2.726122535229798,3.490472885050349,9.513470505627549,-1.0
2007-05-01,14.166666666666666,32.21,15.176416071428568,32.65238869047619,2.719742648666258,3.4859180135509713,9.190031972404201,-1.0
2007-06-01,15.145,32.975,15.226541071428567,32.542451190476186,2.7230400282718463,3.4825454274872203,8.8786171764754,-1.0
2007-07-01,13.846875,31.2296875,15.158020238095231,32.381392857142856,2.71852978053179,3.4775839632953867,8.579226117841149,-1.0
2007-08-01,14.841666666666669,30.97833333333333,14.9966869047619,32.21392619047619,2.7078293036903,3.472398849440811,8.273128485738154,-1.0
2007-09-01,14.843333333333334,30.306666666666665,14.813274404761902,32.00843869047619,2.6955236980190276,3.4659995771119805,7.998586484179302,-1.0
2007-10-01,15.0125,29.2640625,14.561436904761903,31.717176190476188,2.678376726413016,3.4568583698050057,7.736068219914998,-1.0
2007-11-01,14.821666666666667,30.34,14.511703571428567,31.62897619047618,2.6749554667190485,3.454073668487533,7.469301568473287,-1.0
2007-12-01,15.133333333333333,30.866666666666667,14.438036904761901,31.441842857142852,2.6698661757991644,3.448139580892284,7.231632361284381,-1.0
2008-01-01,18.5234375,33.44375,14.2032244047619,31.023530357142853,2.6534690095884326,3.43474596033591,7.005986891390021,-1.0
2008-02-01,20.435714285714287,35.378571428571426,13.968052976190474,30.650149404761905,2.6367727917726484,3.422637536913958,6.7785512206095895,-1.0
2008-03-01,18.69375,35.371875,13.832052976190473,30.293649404761897,2.6269885783469396,3.410938099946226,6.590767163484955,-1.0
2008-04-01,16.775000000000002,35.645,13.683198809523809,29.914432738095233,2.616168715965714,3.3983410642050846,6.388982132266225,-1.0
2008-05-01,15.298333333333336,34.983333333333334,13.342261309523806,29.266757738095233,2.5909365395792516,3.376452323748139,6.2122331940363615,-1.0
2008-06-01,15.024999999999999,34.300000000000004,13.049994642857143,28.827224404761903,2.568787723259587,3.361320232466951,6.04750799310105,-1.0
2008-07-01,13.195312500000002,30.721875,12.773194642857142,28.351157738095235,2.5473488065617054,3.3446678666625234,5.894806529460287,-1.0
2008-08-01,12.966666666666669,30.15833333333333,12.536632142857142,27.801657738095237,2.5286549299834737,3.325095649785477,5.745177798683686,-1.0
2008-09-01,14.035,31.029999999999998,12.161765476190473,27.0569244047619,2.4982970531860977,3.2979429579224315,5.617325392118321,-1.0
2008-10-01,9.5140625,25.6484375,11.758765476190474,26.27779107142857,2.4645989604456453,3.2687241364851,5.501496722847506,-1.0
2008-11-01,9.708333333333332,25.733333333333334,11.497265476190474,25.901228571428568,2.442109222414856,3.254290402770771,5.391198972732183,-1.0
2008-12-01,9.443333333333333,24.94166666666667,11.54483630952381,25.95612857142857,2.446238264232475,3.2564077501843394,5.300219360536767,-1.0
2009-01-01,9.0609375,21.84375,11.917902976190478,26.563795238095235,2.478041721344383,3.2795492074005743,5.221263485635899,-1.0
2009-02-01,10.185714285714285,23.457142857142856,12.067751190476189,26.971973809523803,2.4905367037886332,3.2947983198472386,5.150296716181854,-1.0
2009-03-01,9.875,23.35,12.20869761904762,27.23595595238095,2.5021486173268213,3.304538010362141,5.09942294771781,-1.0
2009-04-01,7.933333333333334,20.538333333333334,12.382147619047618,27.408280952380945,2.516255727094106,3.3108451922728386,5.056538284700587,-1.0
2009-05-01,5.0765625000000005,16.953125,12.651814285714284,27.449480952380952,2.5378006266852022,3.312347258938184,5.025677358977913,-1.0
2009-06-01,6.859999999999999,21.221666666666664,13.03374761904762,27.358347619047613,2.567541964445721,3.3090216968898987,5.006011868647274,-1.0
2009-07-01,8.225,21.073333333333334,13.604497619047613,27.555910119047613,2.610400445353319,3.316217035969483,5.0,-1.0
2009-08-01,7.932812500000001,17.4921875,14.173685119047619,28.01903511904762,2.6513870847502745,3.332884104878675,5.057654261779199,-1.0
2009-09-01,5.470000000000001,12.360000000000001,14.940951785714285,28.757501785714283,2.704105884885245,3.3588986648836285,5.246247758088043,-1.0
2009-10-01,4.768333333333334,10.828333333333333,15.334301785714285,29.258051785714283,2.7300922657643687,3.3761548105220047,5.54220630188793,-1.0
2009-11-01,8.475000000000001,19.85,15.778539285714286,29.920914285714282,2.758650743687869,3.3985577103170166,5.953473369246212,-1.0
2009-12-01,16.0109375,31.7125,16.313005952380948,30.836780952380945,2.7919627008398313,3.4287081642712898,6.480048960162892,-1.0
2010-01-01,24.46,46.05833333333333,17.670960119047614,31.851489285714283,2.8719226209645417,3.461084140288073,7.168825207551718,-1.0
2010-02-01,22.26964285714286,43.64821428571428,19.492951190476187,33.17352499999999,2.9700529228095154,3.501752118039187,7.9337050804890845,-1.0
2010-03-01,23.959375,41.978125,21.446522619047617,34.67943928571428,3.065562516569746,3.546146983549635,8.751626874263314,-1.0
2010-04-01,23.03,39.68,23.58945595238095,36.46937261904762,3.160799830516119,3.596472802014207,9.80939039703901,-1.0
2010-05-01,23.516666666666666,36.675000000000004,25.597247619047614,38.25396428571428,3.242484830824425,3.6442471963587226,10.92019584065157,-1.0
2010-06-01,24.846666666666664,32.705,27.253985119047613,40.11677261904761,3.3051997533176323,3.6917945166637804,12.146309807822524,-0.999
2010-07-01,29.293750000000003,39.2390625,28.695718452380948,41.854572619047616,3.3567479287928386,3.7342010530707013,13.48773229855188,-0.999
2010-08-01,27.424999999999997,42.300000000000004,30.272218452380947,43.69238928571428,3.410230409161511,3.777173928712599,15.045678572407555,-0.999
2010-09-01,32.14833333333333,48.62,31.977705952380948,45.72230178571427,3.4650389710110807,3.8225861829286703,16.625405345157596,-0.998
2010-10-01,23.868750000000002,43.54375,33.91023928571428,48.04690178571428,3.523717012606731,3.8721776543720803,18.32044064146603,-0.998
2010-11-01,20.619999999999997,42.22,35.81097261904761,50.345568452380945,3.578254344184578,3.918910600442595,20.2555739079394,-0.997
2010-12-01,23.07,48.629999999999995,37.83466011904761,52.27625595238094,3.633225616864365,3.956542270896591,22.188913486268522,-0.995
2011-01-01,43.3921875,50.309375,39.62422261904761,53.70875595238095,3.6794406135582522,3.983576041340068,24.237561588156044,-0.994
2011-02-01,54.61071428571428,54.89464285714286,41.16528928571428,54.64515595238095,3.7175954081935525,4.000860573043147,26.549881847247097,-0.991
2011-03-01,59.025,61.105000000000004,42.61090357142856,55.332827380952374,3.7521101729060544,4.013366355928901,28.680783362606274,-0.988
2011-04-01,63.44833333333333,68.09833333333334,43.8518619047619,56.007035714285706,3.7808171786866995,4.0254773205984895,31.075357035168988,-0.983
2011-05-01,58.128125,65.153125,45.2134119047619,57.20677321428572,3.8113937663811366,4.046672304212668,33.585239231290096,-0.976
2011-06-01,46.495000000000005,63.523333333333326,46.796745238095234,58.71597321428571,3.845813654310606,4.072711805903823,36.38954252423031,-0.966
2011-07-01,42.90333333333333,64.66666666666666,48.498145238095226,60.378239880952364,3.8815255546986736,4.100628773157419,39.13772900237212,-0.953
2011-08-01,47.637499999999996,67.01875,49.94539523809524,61.746177380952375,3.9109303134195197,4.123032068830003,42.00122400407231,-0.935
2011-09-01,50.57,68.24000000000001,51.47592857142856,62.93717738095236,3.9411142920212505,4.142137044443039,45.18271428963022,-0.909
2011-10-01,53.78333333333333,70.475,52.974461904761895,63.915177380952365,3.9698099465711447,4.157556850879411,48.2845135733511,-0.875
2011-11-01,52.28666666666667,68.295,54.73324523809522,65.04229404761904,4.0024712988135125,4.175037735952392,51.501621380630375,-0.83
2011-12-01,59.0671875,68.1171875,56.628882738095236,65.91049404761904,4.036519150778615,4.188297670828055,54.83403771146805,-0.771
2012-01-01,60.75000000000001,67.52499999999999,58.32694940476188,66.87542738095237,4.066064240491034,4.202831595938963,58.51571074810594,-0.688
2012-02-01,62.986666666666665,69.46833333333333,59.43019047619047,67.66083809523809,4.0848023544245935,4.214507550140139,62.0864313609643,-0.59
2012-03-01,58.41,60.84,60.111261904761896,68.19455238095237,4.096197210089106,4.2223646845469345,65.77246049738105,-0.471
2012-04-01,54.98333333333333,58.83333333333333,60.50859523809523,68.62668571428571,4.102785424996963,4.228681463670598,69.57379815735622,-0.331
2012-05-01,57.068749999999994,69.6734375,60.69892857142856,68.67715238095236,4.105926046697618,4.22941657304029,70.0,-0.176
2012-06-01,63.099999999999994,74.405,60.92580357142856,68.90356071428569,4.109656788943018,4.232707856136899,70.0,-0.0
2012-07-01,67.38166666666666,74.26166666666667,61.71962857142857,69.27043988095237,4.1226020095155524,4.238018262251861,70.0,0.165
2012-08-01,65.475,73.4375,62.7023619047619,69.4251732142857,4.1383991168617875,4.24024952817406,70.0,0.322
2012-09-01,65.68833333333333,72.07499999999999,63.184861904761895,69.48342321428571,4.146064745638292,4.241088209219179,70.0,0.471
2012-10-01,69.61166666666668,73.07,63.560061904761895,69.53582321428571,4.151985315625906,4.241842061708352,70.0,0.59
2012-11-01,67.83833333333334,71.72166666666666,63.744928571428574,69.40062321428572,4.154889629053393,4.239895847505374,70.0,0.688
2012-12-01,68.0109375,63.925,64.10279523809523,69.33815654761905,4.16048797043443,4.238995354204294,70.0,0.766
2013-01-01,65.52166666666666,72.75333333333333,64.33810773809523,69.22490654761903,4.164152111028609,4.237360719075891,70.0,0.83
2013-02-01,70.97321428571429,69.94464285714285,64.67110773809523,69.21354940476189,4.169314544399403,4.237196644104027,70.0,0.875
2013-03-01,71.6375,68.2375,64.48864107142856,68.93681607142857,4.1664891008732825,4.233190375969818,70.0,0.907
2013-04-01,68.95833333333334,71.90833333333333,64.14857440476189,68.99508273809523,4.161201867973902,4.234035237392526,69.09164458075199,0.934
2013-05-01,68.20666666666668,69.36,63.18180357142856,68.9113119047619,4.146016341522818,4.23282034313249,67.74096288320354,0.952
2013-06-01,63.8,70.81333333333333,61.91145357142857,68.0721744047619,4.125705196038083,4.220568530607111,66.404665442285,0.966
2013-07-01,66.340625,72.6953125,60.51292023809524,67.11270773809522,4.102856899891073,4.206373411115031,65.08275225799639,0.975
2013-08-01,67.47166666666666,68.535,59.56940357142855,66.51299107142857,4.087142079359964,4.197397283040184,63.688566175396176,0.983
2013-09-01,59.7,68.475,59.23767023809523,66.15142440476188,4.081557661112666,4.191946423280939,62.39638045480938,0.987
2013-10-01,59.95,69.55000000000001,59.216936904761894,66.1072244047619,4.08120759733642,4.191278035964974,61.118578990852484,0.991
2013-11-01,58.405,67.095,58.39707023809523,65.53775773809522,4.067265721419864,4.182626430572134,59.77144540993943,0.994
2013-12-01,61.233333333333334,66.73333333333335,57.4565994047619,64.80870357142855,4.051029869843016,4.171439908712759,58.52337140968433,0.995
2014-01-01,64.95,65.2859375,56.3997619047619,64.45383690476189,4.032464936948328,4.165949260658356,57.289681666059145,0.997
2014-02-01,69.07499999999999,67.24107142857143,55.21989523809524,63.566703571428555,4.011323309326997,4.152089804505928,55.98960058683326,0.998
2014-03-01,58.425,62.55,53.59277916666666,62.699542857142845,3.9814143419617998,4.138354156657637,54.86545494869854,0.998
2014-04-01,49.90833333333333,62.29666666666667,51.73147916666666,61.739309523809524,3.9460664775881944,4.122920835399709,53.67491797496308,0.999
2014-05-01,30.8140625,56.7390625,50.20114583333332,60.70837619047618,3.9160378518023946,4.106081681798574,52.49876525785753,0.999
2014-06-01,25.31,48.69499999999999,48.93401249999999,60.01510952380952,3.89047270684378,4.094596355916233,51.260057006919254,0.999
2014-07-01,28.136666666666667,50.41833333333334,47.74745,59.16801369047619,3.8659256623593796,4.080381086587804,50.11363175351552,1.0
2014-08-01,43.79375,59.26875,46.41902499999999,58.22180119047618,3.837709396748067,4.064259875497388,48.9815907567417,1.0
2014-09-01,57.18166666666667,64.39833333333334,45.042025,57.43646785714286,3.807595942856287,4.050679430111449,47.7899350074906,1.0
2014-10-01,65.17000000000002,70.97,43.937462499999995,56.70915535714284,3.7827673160854554,4.037935667842419,46.68762147441859,1.0
2014-11-01,49.114999999999995,58.83333333333333,42.7624625,55.97835535714285,3.75566067336677,4.024965104540743,45.59969219797649,1.0
2014-12-01,44.3265625,53.4953125,41.64072916666666,55.31595535714285,3.729078754800621,4.013061390550652,44.52614717816429,1.0
2015-01-01,41.59,55.053333333333335,40.52033333333332,54.67268452380951,3.701803905736906,4.00136421585004,43.39688713767225,1.0
2015-02-01,36.025000000000006,50.574999999999996,39.08319047619047,54.04317559523809,3.665692463458178,3.9897832751559643,42.35306958156186,1.0
2015-03-01,30.295312499999998,48.26562500000001,37.41419047619047,53.261782738095235,3.6220500569542855,3.975219052189385,41.39181765850717,1.0
2015-04-01,25.104999999999997,44.23166666666667,36.14845714285714,52.55551607142856,3.587634268381597,3.9618700598718313,40.308587239230846,1.0
2015-05-01,30.699999999999996,46.135,35.25312380952381,51.776649404761905,3.562554144041767,3.9469392639400693,39.30792245301018,1.0
2015-06-01,36.528333333333336,52.028333333333336,35.06289464285714,51.20782023809522,3.5571434386308285,3.935892259407342,38.321641923419435,1.0
2015-07-01,34.1359375,49.6359375,34.947557142857136,50.845270238095225,3.5538485704675296,3.928787104168405,37.3497456504586,1.0
2015-08-01,33.13,49.04,34.83889047619047,50.4401369047619,3.5507343052140095,3.920787225303224,36.328910939941345,1.0
2015-09-01,33.04666666666667,48.90166666666667,34.16060714285714,49.6639869047619,3.531073142265266,3.9052800608840497,35.38674213068231,1.0
2015-10-01,32.0859375,50.2921875,32.99477797619047,48.785053571428556,3.496349305798969,3.8874239866720206,34.45895757805319,1.0
2015-11-01,30.575,51.28,31.404177976190475,47.64485357142857,3.4469409406295437,3.863774619470391,33.4851753692231,1.0
2015-12-01,30.361666666666668,50.535000000000004,30.292577976190472,46.89785357142856,3.410902731229016,3.847971908337314,32.587118280295805,1.0
2016-01-01,33.2234375,50.6515625,29.351327976190472,46.365416071428555,3.3793377914580387,3.836553838037624,31.7034454479984,1.0
2016-02-01,29.021428571428572,49.54821428571429,28.36822797619047,45.60178273809523,3.3452697856852933,3.819946810889813,30.77671574085548,1.0
2016-03-01,27.349999999999998,47.70625,27.466627976190473,44.838849404761895,3.312971739612482,3.8030749378560444,29.979252553293335,1.0
2016-04-01,26.781666666666666,44.89333333333333,26.72994880952381,44.07675773809523,3.285784615054486,3.7859326081034763,29.08320926029422,1.0
2016-05-01,27.525000000000002,42.825,26.253061309523808,43.56186607142856,3.2677826035530884,3.7741821362525303,28.258032404958445,1.0
2016-06-01,26.058333333333334,42.51833333333334,25.63319464285714,42.97353273809524,3.2438881772771144,3.760584408466048,27.447239806252593,1.0
2016-07-01,22.4265625,39.63125,24.85539464285714,42.09406607142857,3.2130748172261425,3.7399067823320493,26.650831464176637,1.0
2016-08-01,25.419999999999998,40.29,23.98258214285714,41.058316071428564,3.177327822820628,3.714993399337925,25.817183879936596,1.0
2016-09-01,26.836666666666666,39.865,23.25311547619047,40.134116071428565,3.1464391220322385,3.6922267474573323,25.05050300156245,1.0
2016-10-01,28.0359375,42.425,22.596248809523807,39.3810494047619,3.117783910622246,3.6732847210215382,24.29820637981823,1.0
2016-11-01,25.405,42.465,21.923077976190473,38.54762857142856,3.0875398708438713,3.651894582460326,23.511611297265354,1.0
2016-12-01,21.325000000000003,40.15833333333334,21.251952976190474,37.64967857142856,3.0564487959093465,3.6283244169300057,22.78904213922293,1.0
2017-01-01,20.7953125,40.184375,20.466486309523805,36.65887857142857,3.0187887342079085,3.6016556519662775,22.080857237810427,1.0
2017-02-01,17.0125,35.9625,19.542120238095237,35.67667321428571,2.972572148307196,3.5744970638548055,21.341314656944707,1.0
2017-03-01,13.485,31.501666666666665,18.725825595238092,34.60493214285714,2.9299036189647336,3.543996219386172,20.707640204875133,1.0
2017-04-01,11.878333333333334,29.213333333333335,17.893825595238095,33.475015476190464,2.8844557145281184,3.51079935389798,20.042608073352348,1.0
2017-05-01,13.1828125,31.359374999999996,17.072758928571428,32.378882142857144,2.8374841481502484,3.477506424579346,19.391960198459465,1.0
2017-06-01,15.203333333333333,31.426666666666666,16.241025595238092,31.35548214285714,2.787540485155641,3.4453891207817886,18.713790445881372,1.0
2017-07-01,17.083333333333336,30.041666666666668,15.619567261904761,30.59549880952381,2.7485244399243656,3.420852900410423,18.092870034690314,1.0
2017-08-01,12.315624999999999,23.7421875,15.087571428571428,29.94451547619047,2.7138713207005245,3.399346185127697,17.486333880129152,1.0
2017-09-01,14.893333333333334,25.935000000000002,14.424304761904759,29.291848809523806,2.6689146144842923,3.3773092796917092,16.855216629238228,1.0
2017-10-01,16.625,30.075000000000003,13.763650595238092,28.741936309523805,2.622031102204569,3.35835725171208,16.27840793837888,1.0
2017-11-01,15.256666666666666,29.456666666666663,13.031013095238094,28.01220297619047,2.5673321390919006,3.332640235811231,15.715983504149449,1.0
2017-12-01,13.796875,28.83125,12.32814642857143,27.1809363095238,2.51188497567046,3.3025158566036805,15.16794332654992,1.0
2018-01-01,10.725,25.765,11.777083928571427,26.447790476190466,2.4661556033154164,3.275172618943177,14.599221784418063,1.0
2018-02-01,10.114285714285716,26.096428571428575,11.224057142857141,25.56820119047618,2.418059433918449,3.2413494383919295,14.080909070520345,1.0
2018-03-01,8.6140625,22.7546875,10.837623809523807,24.861167857142853,2.3830237662189186,3.2133070623380875,13.610128333530804,1.0
2018-04-01,6.550000000000001,19.458333333333336,10.621223809523809,24.41510119047619,2.362854245476277,3.1952018421077866,13.087436412614647,1.0
2018-05-01,6.255000000000001,17.490000000000002,10.483527976190475,24.228692857142857,2.3498052611921914,3.1875375860823834,12.612276468606662,1.0
2018-06-01,6.7316666666666665,17.240000000000002,10.217548809523809,23.806651190476188,2.3241067134963957,3.169965003419972,12.151500781228581,1.0
2018-07-01,10.521875,23.51875,9.901015476190475,23.331184523809526,2.292637325232831,3.149790857303801,11.705109350480416,1.0
2018-08-01,9.126666666666667,23.35666666666667,9.547307142857141,22.859080357142854,2.256259140160402,3.129348428211111,11.244813138323337,1.0
2018-09-01,8.838333333333335,23.973333333333336,9.320015476190475,22.597726190476187,2.23216428923158,3.1178492901757333,10.828149171276976,1.0
2018-10-01,10.320312500000002,26.1171875,8.94348214285714,22.199326190476192,2.190925014787588,3.1000619366372573,10.425869460860529,1.0
2018-11-01,9.72,24.181666666666665,8.50528214285714,21.591059523809527,2.14068739906092,3.0722793180705996,10.012625750390612,1.0
2018-12-01,7.833333333333334,21.683333333333337,8.159140476190474,20.968667857142854,2.0991388296278344,3.043029316770201,9.640073503675978,1.0
2019-01-01,7.5484375,21.8296875,7.791398809523809,20.260484523809524,2.0530204085284063,3.0086724138262557,9.281905513591248,1.0
2019-02-01,6.969642857142857,18.19464285714286,7.626523809523808,19.78575952380952,2.0316321463993234,2.9849624629713913,8.915714304808503,1.0
2019-03-01,7.351666666666667,18.28666666666667,7.44875238095238,19.336635714285716,2.0080465527235556,2.962001520099345,8.608722303311517,1.0
2019-04-01,8.075,20.349999999999998,7.32338988095238,19.06544821428571,1.9910733192669703,2.947877702830486,8.293707083116516,1.0
2019-05-01,8.4359375,24.553125000000005,7.326723214285714,18.975448214285716,1.9915283783329565,2.943145944308945,7.99307611955142,1.0
2019-06-01,6.533333333333333,20.80833333333333,7.406148214285714,19.005410714285713,2.0023104950221593,2.9447237130619874,7.688257739056287,1.0
2019-07-01,7.29,19.54,7.4284815476190476,19.097410714285715,2.005321470093942,2.9495527611657772,7.417354239193003,1.0
2019-08-01,8.240625,18.239062500000003,7.268939880952379,18.988994047619048,1.9836104598605624,2.943859550678543,7.1608349959596325,1.0
2019-09-01,6.633333333333334,17.208333333333336,7.241310714285713,19.03685238095238,1.9798022278970115,2.9463766995705516,6.903069117151664,1.0
2019-10-01,5.48,15.975000000000001,7.21077738095238,18.891919047619044,1.9755767653116778,2.9387342670161702,6.676277337620104,1.0
2019-11-01,5.67,14.868333333333336,7.092031547619047,18.578698214285712,1.9589718365409068,2.9220156671144086,6.463869814718449,1.0
2019-12-01,6.603125,13.896875,6.982017261904761,18.33921726190476,1.9433378810236381,2.9090417866320775,6.2658465484467065,1.0
2020-01-01,4.603333333333333,11.126666666666667,6.970621428571428,18.34507142857143,1.9417043784123937,2.9093609514257994,6.070476378397813,1.0
